Customer ID,Sales,Profit,Orders,Last_Order,Cumulative_Sales_pct,Recency,R,F,M,Segment_RFM
SM-20320,25043.05,-1980.7393,5,2017-10-12,1.0901549983195433,80,2,2,4,High-value less recent
TC-20980,19052.218,8981.323900000001,5,2016-11-26,1.9195216562056066,400,1,2,4,High-value less recent
RB-19360,15117.339,6976.0959,6,2017-09-25,2.5775981553597016,97,2,2,4,High-value less recent
TA-21385,14595.62,4703.7883,4,2017-10-22,3.2129635799614458,70,3,1,4,Recently active
AB-10105,14473.570999999998,5444.8055,10,2017-11-19,3.8430160603575145,42,3,4,4,High-value active
KL-16645,14175.229000000001,806.855,12,2017-11-13,4.460081343806381,48,3,4,4,High-value active
SC-20095,14142.333999999999,5757.411899999999,9,2017-01-15,5.075714667143772,350,1,4,4,High-value less recent
HL-15040,12873.297999999999,5622.4292000000005,6,2017-11-17,5.636105280889182,44,3,2,4,Recently active
SE-20110,12209.438000000002,2650.6769,11,2017-12-21,6.167597246219786,10,4,4,4,High-value active
CC-12370,12129.072000000002,2177.0493,5,2017-11-17,6.6955907799857455,44,3,2,4,Recently active
TS-21370,11891.751,2371.7144000000003,6,2017-11-24,7.213253436548003,37,3,2,4,Recently active
GT-14710,11820.119999999999,2163.4269,11,2017-11-24,7.727797906919494,37,3,4,4,High-value active
BM-11140,11789.63,-1659.9580999999998,4,2017-02-26,8.24101510980964,308,1,1,4,High-value less recent
SV-20365,11470.949999999999,1199.4242,10,2017-09-20,8.740359777410974,102,2,4,4,High-value less recent
CJ-12010,11164.974,858.7414,8,2017-06-24,9.226384930585516,190,1,3,4,High-value less recent
CL-12565,10880.546,1933.7830999999999,12,2017-03-21,9.700028580474235,285,1,4,4,High-value less recent
ME-17320,10663.728000000001,1859.4695,10,2017-11-18,10.16423387415532,43,3,4,4,High-value active
KF-16285,10604.266,1660.1386,7,2017-09-24,10.625850713294723,98,2,3,4,High-value less recent
BS-11365,10501.653,2616.0643999999998,5,2016-06-20,11.083000681392356,559,1,2,4,High-value less recent
EH-13765,10310.880000000001,1393.5154,12,2017-08-17,11.531846064405727,136,2,4,4,High-value less recent
JL-15835,9799.923,228.907,11,2017-12-09,11.958448856062361,22,4,4,4,High-value active
GT-14635,9351.212,-4108.6589,3,2017-11-04,12.3655187018737,57,3,1,4,Recently active
HW-14935,9300.254,2164.1611,8,2017-09-04,12.770370282800998,118,2,3,4,High-value less recent
TB-21400,9133.99,2798.3689,7,2017-06-11,13.16798418578409,203,1,3,4,High-value less recent
PF-19120,9062.864,-614.2943000000001,4,2015-09-17,13.562501885852182,836,1,1,4,High-value less recent
CM-12385,8954.019999999999,3899.8903999999998,4,2017-11-23,13.952281471727431,38,3,1,4,Recently active
JD-16150,8828.0305,1619.5199,8,2017-11-19,14.33657657854918,42,3,3,4,High-value active
JE-15715,8697.842999999999,1262.2926,10,2017-11-14,14.715204462175521,47,3,4,4,High-value active
LA-16780,8673.222,2059.1199,11,2017-07-29,15.092760563163022,155,2,4,4,High-value less recent
PK-19075,8646.934,2038.2676000000001,12,2017-12-21,15.469172314936037,10,4,4,4,High-value active
DR-12940,8350.868,2869.0759999999996,8,2017-11-10,15.832695946862131,51,3,3,4,High-value active
NF-18385,8322.826,-1695.9714,7,2017-10-12,16.19499887578029,80,2,3,4,High-value less recent
KD-16270,8282.358,1107.6952000000003,5,2016-09-02,16.555540182512967,485,1,2,4,High-value less recent
NC-18535,8241.739,1314.758,7,2017-12-24,16.914313293843065,7,4,3,4,High-value active
HM-14860,8236.7648,2437.9836,10,2017-12-28,17.272869872083433,3,4,4,4,High-value active
KD-16495,8181.256,3038.6254,12,2017-09-09,17.629010083476683,113,2,4,4,High-value less recent
SB-20290,8057.891,-2082.7451,7,2017-11-13,17.979780063553555,48,3,3,4,High-value active
ZC-21910,8025.707,-1032.1490000000001,13,2017-11-06,18.329149034229975,55,3,4,4,High-value active
JH-15985,7954.9980000000005,-644.6982,6,2017-12-01,18.67543995451812,30,4,2,4,Recently active
NP-18700,7903.1825,631.2282,7,2017-08-14,19.019475281884656,139,2,3,4,High-value less recent
AH-10690,7888.294,1298.0166,12,2016-11-15,19.36286249439727,411,1,4,4,High-value less recent
AB-10060,7755.62,2054.5885,8,2017-11-06,19.70047424328836,55,3,3,4,High-value active
JE-15610,7754.976,1623.4019,7,2017-11-12,20.038057958061447,49,3,3,4,High-value active
JW-15220,7721.714,2173.7093999999997,6,2017-11-18,20.37419373675829,43,3,2,4,Recently active
LC-16885,7663.126,1288.3469,12,2017-12-14,20.707779107216457,17,4,4,4,High-value active
JM-15865,7625.076000000001,1574.6163999999999,7,2017-09-12,21.039708114025387,110,2,3,4,High-value less recent
JD-15895,7610.8640000000005,1050.2667999999999,11,2016-12-01,21.371018454863673,395,1,4,4,High-value less recent
PO-18850,7473.8282,38.47569999999996,11,2017-12-26,21.69636345752156,5,4,4,4,High-value active
MS-17365,7443.6900000000005,844.9354999999998,10,2017-04-01,22.020396506988025,274,1,4,4,High-value less recent
RW-19540,7397.401,1586.6273,7,2017-09-01,22.34241453892599,121,2,3,4,High-value less recent
BM-11650,7294.185,2199.2781,11,2017-11-27,22.65993945048498,34,3,4,4,High-value active
PP-18955,7252.608,1495.0854,10,2017-09-24,22.975654463714292,98,2,4,4,High-value less recent
NW-18400,7234.014,1023.123,7,2017-07-11,23.290560057083052,173,2,3,4,High-value less recent
Dp-13240,7198.7609999999995,333.36479999999995,11,2017-10-07,23.603931043678447,85,2,4,4,High-value less recent
FH-14365,6987.196,2050.2826,8,2017-12-25,23.908092343665405,6,4,3,4,High-value active
RH-19510,6979.18,1289.4535,6,2016-09-19,24.211904697239426,468,1,2,4,High-value less recent
PS-19045,6843.634,1742.7296999999999,7,2017-05-08,24.509816565473105,237,1,3,4,High-value less recent
BB-11545,6765.728,1015.0749999999999,9,2017-12-02,24.80433708899043,29,4,4,4,High-value active
JE-15745,6760.8150000000005,221.79670000000002,13,2017-11-09,25.09864374352986,52,3,4,4,High-value active
YS-21880,6720.4439999999995,1778.2923,8,2017-12-21,25.391192998414013,10,4,3,4,High-value active
AR-10540,6608.448,2884.6208,6,2017-12-24,25.678866928639557,7,4,2,4,Recently active
DR-12880,6528.034000000001,1641.8613,9,2017-12-27,25.963040337800976,4,4,4,4,High-value active
GK-14620,6497.27,1448.5525,9,2017-09-09,26.245874551921524,113,2,4,4,High-value less recent
JA-15970,6491.026,-819.4217000000001,8,2017-09-29,26.528436956984887,93,2,3,4,High-value less recent
NM-18445,6459.344,2751.6848999999997,7,2017-07-23,26.809620205329857,161,2,3,4,High-value less recent
VD-21670,6442.254,1617.7874000000002,6,2016-05-28,27.09005950479793,582,1,2,4,High-value less recent
SB-20185,6410.996,885.4623999999999,6,2017-06-25,27.369138104793006,189,1,2,4,High-value less recent
JG-15160,6366.392,1415.6664,11,2017-12-29,27.646275037397523,2,4,4,4,High-value active
DM-13015,6345.103,1677.3931,7,2017-11-03,27.92248523345201,58,3,3,4,High-value active
CM-12655,6339.5576,1572.4585,6,2017-12-03,28.19845403137297,28,4,2,4,Recently active
MJ-17740,6320.746,1054.5529000000001,7,2017-12-08,28.473603937035755,23,4,3,4,High-value active
BH-11710,6255.351,802.7898,8,2017-12-07,28.745907117315042,24,4,3,4,High-value active
RL-19615,6234.91,488.14840000000004,8,2017-08-31,29.017320475535087,122,2,3,4,High-value less recent
WB-21850,6160.102,714.3311,11,2017-12-10,29.285477348817626,21,4,4,4,High-value active
VW-21775,6134.0380000000005,-874.6645,10,2017-12-02,29.55249962388324,29,4,4,4,High-value active
SD-20485,6121.114,1985.1671999999999,9,2017-06-13,29.81895930121422,201,1,4,4,High-value less recent
QJ-19255,6108.338,1203.6768,9,2017-12-05,30.084862823433973,26,4,4,4,High-value active
AD-10180,6106.88,1869.9294,8,2017-12-01,30.350702877107054,30,4,3,4,High-value active
CB-12025,6076.139,150.2089,10,2017-11-13,30.61520473695776,48,3,4,4,High-value active
GM-14695,6049.966,188.7235,3,2017-09-04,30.878567253686484,118,2,1,4,High-value less recent
SC-20380,5992.536,236.66149999999996,9,2017-11-30,31.13942977135146,31,3,4,4,High-value active
KH-16690,5990.799,1227.5091,7,2017-12-28,31.400216675254043,3,4,3,4,High-value active
RM-19675,5979.0960000000005,1902.5438000000001,5,2017-12-24,31.660494133064994,7,4,2,4,Recently active
KH-16510,5952.859,656.1162,7,2017-12-08,31.919629461754653,23,4,3,4,High-value active
BF-11170,5907.972,1538.2127,11,2017-12-14,32.17681080371307,17,4,4,4,High-value active
CP-12340,5888.275,-1850.3029000000001,8,2017-07-23,32.433134710854176,161,2,3,4,High-value less recent
BD-11320,5718.521,1094.5037,12,2017-11-27,32.682069016026475,34,3,4,4,High-value active
CS-12505,5690.054999999999,-6626.389499999999,6,2017-11-02,32.92976416094545,59,3,2,4,Recently active
AM-10705,5664.022,1085.7326,8,2017-07-21,33.17632605711592,163,2,3,4,High-value less recent
RB-19795,5633.316000000001,-461.73319999999995,8,2017-11-28,33.42155128305739,33,3,3,4,High-value active
KM-16375,5620.186,973.7901999999999,8,2017-11-04,33.66620494382896,57,3,3,4,High-value active
AA-10315,5563.56,-362.8825,5,2017-06-29,33.90839360465306,185,1,2,4,High-value less recent
SM-20950,5563.392,581.5741999999999,12,2017-12-05,34.150574952228965,26,4,4,4,High-value active
NP-18325,5529.62,1208.8890000000001,6,2017-12-05,34.391286162796675,26,4,2,4,Recently active
AC-10450,5527.846,1366.0098,7,2017-12-19,34.63192014894616,12,4,3,4,High-value active
MH-18115,5503.093,170.9746,9,2017-12-25,34.871476606333225,6,4,4,4,High-value active
DP-13390,5480.723999999999,1571.8318,9,2017-01-06,35.110059313432,359,1,4,4,High-value less recent
EP-13915,5478.0608,144.9578,17,2017-12-18,35.3485260881347,13,4,4,4,High-value active
YC-21895,5454.35,1305.629,5,2017-12-26,35.585960702332414,5,4,2,4,Recently active
SP-20620,5440.319,-270.42819999999995,9,2017-11-13,35.82278452971377,48,3,4,4,High-value active
LW-17215,5420.514,837.2411,7,2017-12-09,36.058746220903984,22,4,3,4,High-value active
CP-12085,5402.254,427.0258,8,2017-10-09,36.293913031667515,83,2,3,4,High-value less recent
TS-21205,5371.09,862.8877,7,2017-06-15,36.52772323489452,199,1,3,4,High-value less recent
TT-21460,5364.808,1124.4999,7,2017-12-18,36.76125997487726,13,4,3,4,High-value active
MW-18220,5341.900000000001,1238.422,7,2017-12-13,36.9937995012338,18,4,3,4,High-value active
TP-21415,5329.0048,-1087.3898,5,2017-09-17,37.2257776835554,105,2,2,4,High-value less recent
TW-21025,5278.826,737.3905,7,2017-10-27,37.455571520534484,65,3,3,4,High-value active
DW-13480,5271.628,1348.7556,5,2017-05-27,37.68505201965425,218,1,2,4,High-value less recent
MW-18235,5253.876,1665.516,2,2017-11-16,37.913759752216826,45,3,1,4,Recently active
HR-14830,5248.787,1196.9504,7,2017-07-24,38.14224595430342,160,2,3,4,High-value less recent
SC-20725,5226.21,1276.6513,11,2017-06-26,38.36974935160397,188,1,4,4,High-value less recent
RP-19390,5153.084,465.25030000000015,12,2017-11-27,38.59406948351125,34,3,4,4,High-value active
LR-16915,5142.892,535.4764,6,2017-12-04,38.81794594502921,27,4,2,4,Recently active
MP-18175,5087.92,226.4529,9,2017-12-14,39.03942940726924,17,4,4,4,High-value active
AA-10645,5086.9349999999995,857.8033,6,2017-11-05,39.26086999123871,56,3,2,4,Recently active
IL-15100,5040.736,1121.937,7,2017-08-10,39.4802994754912,143,2,3,4,High-value less recent
KL-16555,5016.488,-182.78130000000002,8,2017-12-14,39.698673414257044,17,4,3,4,High-value active
LB-16795,4985.676,-52.19099999999998,8,2017-07-31,39.915706068482535,153,2,3,4,High-value less recent
DH-13075,4932.872,1193.7404,6,2017-03-28,40.13044009915654,278,1,2,4,High-value less recent
IM-15070,4930.474,514.6527,7,2016-12-05,40.34506974191908,391,1,3,4,High-value less recent
TT-21070,4915.602,751.9567,7,2017-11-29,40.55905198809315,32,3,3,4,High-value active
KM-16720,4909.472,745.7685,8,2017-12-02,40.7727673877713,29,4,3,4,High-value active
PO-19180,4893.043,1155.4331,9,2017-07-23,40.985767612721624,161,2,4,4,High-value less recent
HK-14890,4877.784,956.9451,8,2017-08-01,41.19810359449394,152,2,3,4,High-value less recent
AJ-10780,4867.344,150.71300000000005,7,2017-10-16,41.40998511012965,76,3,3,4,High-value active
JK-15730,4867.2,55.0483,10,2017-10-07,41.62186035726691,85,2,4,4,High-value less recent
AH-10210,4805.344,1308.5546,9,2017-12-24,41.83104293607599,7,4,4,4,High-value active
DK-13225,4802.394,209.89940000000004,9,2017-12-20,42.040097097729614,11,4,4,4,High-value active
RA-19915,4793.543,304.8673,9,2017-12-18,42.24876596438562,13,4,4,4,High-value active
SA-20830,4767.3415,610.1496000000001,10,2017-10-28,42.45629424727932,64,3,4,4,High-value active
JK-15640,4760.434,1172.5303,9,2017-07-03,42.66352183813868,181,2,4,4,High-value less recent
BW-11110,4750.358,921.2574,8,2017-08-31,42.87031080823246,122,2,3,4,High-value less recent
TB-21520,4737.486,-1603.0451,9,2017-09-14,43.07653944421605,108,2,4,4,High-value less recent
GB-14575,4716.288,1135.8393,5,2017-12-17,43.28184530499237,14,4,2,4,Recently active
RB-19465,4715.466,640.5466,12,2017-12-21,43.48711538309012,10,4,4,4,High-value active
ES-14080,4657.924,246.6661,9,2017-12-02,43.68988058662534,29,4,4,4,High-value active
DB-13270,4655.897,841.8263999999999,8,2017-11-07,43.892557552338815,54,3,3,4,High-value active
KT-16480,4642.088400000001,194.0671,10,2017-09-21,44.094633412583526,101,2,4,4,High-value less recent
SC-20050,4624.572,1011.7443,9,2017-11-20,44.295946762230976,41,3,4,4,High-value active
EM-14140,4588.436000000001,1319.3655,6,2017-11-12,44.4956870670209,49,3,2,4,Recently active
DB-13060,4531.646,473.0272,7,2017-12-14,44.692955232740125,17,4,3,4,High-value active
AR-10825,4523.336,494.83519999999993,8,2017-11-02,44.8898616538621,59,3,3,4,High-value active
AG-10900,4510.797,343.6824,10,2017-09-25,45.086222236776514,97,2,4,4,High-value less recent
AJ-10795,4501.391,1158.7064,7,2017-07-17,45.28217336485558,167,2,3,4,High-value less recent
LC-16930,4492.946,288.26599999999996,8,2017-11-19,45.47775687162012,42,3,3,4,High-value active
SC-20770,4492.657,-671.1874,7,2017-11-19,45.67332779785655,42,3,3,4,High-value active
TP-21130,4454.0560000000005,1129.1261,9,2017-12-22,45.86721837473099,9,4,4,4,High-value active
MC-17425,4432.138,1802.3903,5,2016-11-26,46.06015483390597,400,1,2,4,High-value less recent
JK-15205,4427.142,1219.983,5,2017-10-30,46.25287381101021,62,3,2,4,Recently active
KW-16435,4416.5199999999995,1756.135,5,2017-09-25,46.44513039929232,97,2,2,4,High-value less recent
BD-11500,4411.2429999999995,1142.1225,6,2017-11-25,46.63715727322549,36,3,2,4,Recently active
AI-10855,4375.786,867.7271000000001,10,2017-12-17,46.82764066001251,14,4,4,4,High-value active
SC-20230,4371.9580000000005,440.14099999999996,4,2017-08-03,47.017957409216116,150,2,1,4,High-value less recent
EB-13840,4358.128,656.1988,5,2017-10-01,47.207672121382416,91,2,2,4,High-value less recent
GZ-14470,4355.150000000001,1087.7539,9,2017-12-23,47.39725719751856,8,4,4,4,High-value active
SR-20740,4345.8859999999995,1990.4243999999999,8,2017-06-17,47.586439000255325,197,1,3,4,High-value less recent
ND-18370,4326.139,353.64549999999997,9,2017-12-03,47.77476119161281,28,4,4,4,High-value active
MA-17560,4299.161,1240.2266,11,2017-10-27,47.96190899720081,65,3,4,4,High-value active
SP-20860,4282.94,566.7226,10,2017-10-12,48.14835068255873,80,2,4,4,High-value less recent
DK-12895,4282.176,937.6496,5,2017-11-15,48.334759110049944,46,3,2,4,Recently active
RD-19480,4272.93,480.594,8,2017-10-19,48.52076504770408,73,3,3,4,High-value active
TC-21295,4266.812,606.3727,8,2017-12-03,48.70650466123717,28,4,3,4,High-value active
AS-10225,4260.784,719.7751000000001,5,2017-12-08,48.891981868460725,23,4,2,4,Recently active
FH-14275,4256.272,1073.2676,10,2017-11-23,49.0772626627333,38,3,4,4,High-value active
CB-12535,4246.4555,1049.5601,8,2017-06-16,49.262116132596844,198,1,3,4,High-value less recent
TH-21550,4234.0960000000005,-571.9678,7,2017-10-19,49.44643157811026,73,3,3,4,High-value active
BE-11335,4204.676,1487.7739000000001,5,2017-09-02,49.62946633456821,120,2,2,4,High-value less recent
JF-15565,4198.332,1073.2088,8,2017-11-06,49.812224928845055,55,3,3,4,High-value active
GH-14425,4172.8460000000005,1176.4181,4,2017-11-10,49.99387408596121,51,3,1,4,Recently active
RS-19765,4159.7699999999995,1206.3851,8,2017-11-24,50.174954028594385,37,3,3,4,High-value active
MY-18295,4152.696,-371.7111,11,2017-10-20,50.355726031241886,72,3,4,4,High-value active
PM-19135,4115.662,526.7537,4,2017-11-09,50.534885897979116,52,3,1,4,Recently active
SV-20785,4105.305,485.0272,9,2017-02-13,50.71359491167259,321,1,4,4,High-value less recent
DM-13345,4074.4719999999998,1319.0586,8,2017-12-08,50.89096172666968,23,4,3,4,High-value active
FP-14320,4046.746,406.44730000000004,8,2017-12-07,51.06712159453041,24,4,3,4,High-value active
SP-20920,3990.689,14.692400000000003,6,2017-10-21,51.240841231718726,71,3,2,4,Recently active
CM-12715,3984.4524,176.3108,4,2015-03-01,51.41428938198103,1036,1,1,4,High-value less recent
MP-17965,3983.6420000000003,638.1563,9,2017-10-19,51.58770225452713,73,3,4,4,High-value active
SC-20305,3979.065,229.1617,7,2017-12-01,51.76091588459169,30,4,3,4,High-value active
SJ-20125,3949.656,144.1189,12,2017-09-26,51.93284930444442,96,2,4,4,High-value less recent
LF-17185,3930.5089999999996,-3583.977,7,2017-12-08,52.10394923166135,23,4,3,4,High-value active
PW-19240,3922.4150000000004,1290.354,7,2016-09-22,52.27469681702869,465,1,3,4,High-value less recent
GA-14515,3919.7760000000003,840.899,8,2017-08-03,52.445329523455946,150,2,3,4,High-value less recent
KH-16630,3918.9660000000003,727.3786,9,2017-11-02,52.61592696957949,59,3,4,4,High-value active
CC-12220,3913.418,393.9618,12,2017-12-10,52.7862829043883,21,4,4,4,High-value active
DB-13555,3908.8028,109.32700000000001,7,2017-09-14,52.95643793382223,108,2,3,4,High-value less recent
NP-18670,3908.402,514.6002,5,2017-11-02,53.126575515935514,59,3,2,4,Recently active
KC-16540,3908.262,709.4219,4,2017-09-24,53.29670700367533,98,2,1,4,High-value less recent
FC-14335,3889.366,714.2926,7,2017-06-29,53.46601592512036,185,1,3,4,High-value less recent
BS-11380,3887.834,-17.532200000000024,5,2017-12-02,53.63525815670703,29,4,2,4,Recently active
JS-15880,3868.02,564.9798000000001,5,2016-07-14,53.803637860321416,535,1,2,4,High-value less recent
RA-19885,3832.314,1292.8656,7,2017-11-17,53.97046323751109,44,3,3,4,High-value active
AT-10735,3831.864,974.107,10,2017-12-17,54.13726902564316,14,4,4,4,High-value active
OT-18730,3818.624,-925.1203,5,2017-10-26,54.303498460169024,66,3,2,4,Recently active
RO-19780,3815.478,-1262.5716000000002,7,2017-11-25,54.469590945416556,36,3,3,4,High-value active
MC-17845,3805.714,698.4174,7,2017-12-29,54.63525839164513,2,4,3,4,High-value active
MM-17920,3794.0800000000004,82.12499999999997,11,2017-12-23,54.80041939543757,8,4,4,4,High-value active
CA-11965,3789.7228,1143.3817,6,2017-09-25,54.96539072491484,97,2,2,4,High-value less recent
MG-17650,3785.276,341.898,7,2017-12-01,55.1301684796779,30,4,3,4,High-value active
MD-17350,3766.382,-241.94999999999996,7,2017-09-04,55.29412375520866,118,2,3,3,High-value less recent
JK-15625,3760.028,750.9485,7,2017-10-30,55.45780243324594,62,3,3,3,High-value active
JK-16090,3747.668,586.6625,3,2017-12-02,55.62094306516747,29,4,1,3,Recently active
FM-14290,3736.198,198.10949999999997,9,2017-11-24,55.78358439377606,37,3,4,3,High-value active
SC-20260,3729.7929999999997,671.0033999999999,8,2017-06-26,55.94594690479797,188,1,3,3,High-value less recent
HG-15025,3690.284,804.6113,7,2017-12-24,56.10658954009274,7,4,3,3,High-value active
BP-11185,3675.861,363.5991,9,2017-12-29,56.26660432432541,2,4,4,3,High-value active
LP-17095,3653.399,338.44539999999995,7,2017-12-21,56.42564130986454,10,4,3,3,High-value active
CS-12400,3651.8585000000003,-342.80330000000004,9,2017-12-28,56.58461123552977,3,4,4,3,High-value active
EB-13705,3644.978,13.621500000000005,9,2017-11-12,56.7432816445041,49,3,4,3,High-value active
JP-15520,3635.594,757.1802,7,2017-12-22,56.90154355633036,9,4,3,3,High-value active
SZ-20035,3625.329,366.43030000000005,11,2017-11-25,57.05935861998685,36,3,4,3,High-value active
RH-19495,3621.3759999999997,563.7877,5,2017-11-28,57.21700160465503,33,3,2,3,Recently active
TB-21175,3589.296,829.1635,4,2017-11-02,57.373248107171634,59,3,1,3,Recently active
GM-14440,3582.8199999999997,347.266,7,2017-10-08,57.52921270138358,84,2,3,3,High-value less recent
DL-13495,3539.322,-52.78799999999997,8,2017-10-15,57.68328377375544,77,2,3,3,High-value less recent
ES-14020,3510.4579999999996,1003.2935,5,2017-11-20,57.83609836044081,41,3,2,3,Recently active
RW-19690,3495.646,707.5503,5,2017-10-12,57.988268162412034,80,2,2,3,High-value less recent
AG-10675,3489.0396000000005,-246.42570000000003,7,2017-09-24,58.14015037960502,98,2,3,3,High-value less recent
ED-13885,3484.92,670.4435000000001,8,2017-08-17,58.29185326550525,136,2,3,3,High-value less recent
PW-19030,3454.916,803.8169,10,2017-11-14,58.44225004010636,47,3,4,3,High-value active
SF-20200,3422.7859999999996,286.9046,9,2017-11-01,58.591248155993924,60,3,4,3,High-value active
FC-14245,3418.742,1217.1662000000001,7,2017-10-21,58.74007023155042,71,3,3,3,High-value active
SH-19975,3406.8395,558.4739999999999,13,2017-12-01,58.888374176533056,30,4,4,3,High-value active
SG-20080,3406.5809999999997,570.438,3,2017-12-22,59.03666686869037,9,4,1,3,Recently active
TS-21655,3368.094,220.91629999999998,5,2017-05-06,59.18328417404695,239,1,2,3,High-value less recent
SC-20020,3362.9636,-317.0508,5,2015-11-10,59.329678146734246,782,1,2,3,High-value less recent
VP-21760,3360.526,-1018.7768,7,2017-10-16,59.47596600767303,76,3,3,3,High-value active
DJ-13630,3356.398,731.5644,3,2017-12-18,59.62207417165664,13,4,1,3,Recently active
DV-13465,3341.587,353.2127,6,2017-12-01,59.76753759445736,30,4,2,3,Recently active
SF-20965,3336.535,539.9352,9,2017-11-12,59.91278109743795,49,3,4,3,High-value active
DC-12850,3336.168,-1441.6312999999998,9,2017-11-23,60.058008624453784,38,3,4,3,High-value active
AP-10915,3323.556,579.3113,10,2017-09-23,60.20268713548159,99,2,4,3,High-value less recent
DK-13375,3318.486,377.0799,8,2017-12-11,60.34714494312697,20,4,3,3,High-value active
KH-16330,3312.864,454.7871,8,2017-11-20,60.4913580181459,41,3,3,3,High-value active
RF-19345,3309.15,633.7072000000001,8,2016-12-05,60.635409418142665,391,1,3,3,High-value less recent
RR-19525,3302.2619999999997,721.6826,6,2017-07-13,60.77916097496425,171,2,2,3,High-value less recent
BD-11605,3288.471,634.8463,7,2017-09-24,60.92231219246686,98,2,3,3,High-value less recent
BS-11665,3288.1099999999997,238.73680000000002,3,2016-05-27,61.06544769519215,583,1,1,3,High-value less recent
RW-19630,3279.746,698.8325,9,2017-10-02,61.20821910263329,90,2,4,3,High-value less recent
DL-12925,3272.2,4.213200000000029,6,2017-11-03,61.35066202334386,58,3,2,3,Recently active
DK-12835,3256.48,881.1228000000001,12,2017-12-09,61.49242063297518,22,4,4,3,High-value active
AS-10090,3255.31,64.53739999999998,9,2017-12-02,61.63412831105672,29,4,4,3,High-value active
JO-15145,3254.949,581.4045,9,2017-11-03,61.77582027436091,58,3,4,3,High-value active
AH-10075,3250.337,281.189,10,2017-11-26,61.9173114715902,35,3,4,3,High-value active
HG-14965,3247.642,-2797.9635000000003,12,2017-12-07,62.058685352130006,24,4,4,3,High-value active
LC-16960,3246.626,299.48019999999997,4,2016-10-20,62.200015004930854,437,1,1,3,High-value less recent
CT-11995,3241.898,161.22629999999995,8,2017-09-25,62.341138842033054,97,2,3,3,High-value less recent
EB-13750,3236.314,-80.28599999999999,10,2017-11-25,62.4820196006959,36,3,4,3,High-value active
SR-20425,3233.481,-3333.9144,5,2017-12-22,62.622777035358254,9,4,2,3,Recently active
LW-16990,3230.308,662.8339000000001,6,2017-11-27,62.763396345398824,34,3,2,3,Recently active
RS-19420,3221.29,633.4513999999999,5,2017-10-15,62.90362309072484,77,2,2,3,High-value less recent
AS-10285,3214.236,354.62760000000003,6,2017-12-11,63.04354276668999,20,4,2,3,Recently active
MP-17470,3206.132,600.2873,7,2016-01-11,63.183109665493134,720,1,3,3,High-value less recent
CS-12355,3202.1620000000003,831.9432,11,2017-12-24,63.322503745276904,7,4,4,3,High-value active
BT-11680,3196.752,447.74839999999995,7,2017-12-10,63.46166232105693,21,4,3,3,High-value active
DG-13300,3195.818,562.7761,5,2017-11-28,63.6007802386596,33,3,2,3,Recently active
JL-15505,3173.874,591.7163,6,2017-11-11,63.738942906750616,50,3,2,3,Recently active
GM-14680,3163.628,35.48649999999999,6,2017-07-31,63.87665955376541,153,2,2,3,High-value less recent
JM-15250,3159.1220000000003,19.82350000000004,6,2017-11-23,64.01418004901663,38,3,2,3,Recently active
CK-12205,3154.855,141.2831,13,2017-11-21,64.15151479647045,40,3,4,3,High-value active
KB-16240,3152.6150000000002,763.9076,7,2017-12-26,64.2887520339486,5,4,3,3,High-value active
MS-17770,3144.678,280.85839999999996,9,2017-08-31,64.42564376398171,122,2,4,3,High-value less recent
RD-19900,3133.924,455.5292,9,2017-09-07,64.5620673590691,115,2,4,3,High-value less recent
TN-21040,3130.221,-692.0452,7,2017-10-01,64.69832975797797,91,2,3,3,High-value less recent
SN-20710,3127.9592,481.74989999999997,7,2017-10-12,64.83449369793016,80,2,3,3,High-value less recent
SG-20605,3124.832,463.269,6,2017-09-13,64.9705215069913,109,2,2,3,High-value less recent
KH-16360,3100.612,528.2051,6,2017-12-29,65.1054949894405,2,4,2,3,Recently active
PG-18820,3086.907,137.46130000000002,13,2017-11-24,65.2398718762573,37,3,4,3,High-value active
EH-14125,3082.653,96.27019999999999,10,2017-07-31,65.37406358118281,153,2,4,3,High-value less recent
GM-14455,3078.624,793.2814000000001,6,2017-12-14,65.50807989874583,17,4,2,3,Recently active
EB-14110,3071.126,184.7656,6,2017-09-08,65.64176981907778,114,2,2,3,High-value less recent
MG-18145,3061.543,-93.603,4,2017-10-07,65.77504257954506,85,2,1,3,High-value less recent
TG-21310,3058.372,682.1704,5,2017-01-27,65.90817730245304,338,1,2,3,High-value less recent
KT-16465,3057.1,254.0032,7,2016-12-04,66.04125665362483,392,1,3,3,High-value less recent
SS-20410,3056.8070000000002,-1010.9738,6,2017-09-11,66.17432325014356,111,2,2,3,High-value less recent
SL-20155,3053.012,527.9715,7,2017-10-21,66.30722464560975,71,3,3,3,High-value active
AS-10045,3050.692,-253.57459999999998,7,2017-10-03,66.44002504860114,89,2,3,3,High-value less recent
CA-12775,3041.566,204.48950000000002,7,2017-09-01,66.57242818550414,121,2,3,3,High-value less recent
CS-11950,3036.547,-126.4223,11,2017-12-05,66.70461283911791,26,4,4,3,High-value active
LS-16975,2988.674,262.63669999999996,9,2017-12-10,66.83471352172039,21,4,4,3,High-value active
MH-18025,2984.948,476.9032,5,2017-11-11,66.96465200692582,50,3,2,3,Recently active
FA-14230,2984.054,520.5229,7,2017-09-24,67.09455157520347,98,2,3,3,High-value less recent
DB-13120,2973.094,-1421.7692,7,2017-11-12,67.22397404110015,49,3,3,3,High-value active
NS-18640,2964.823,-234.7714,13,2017-07-09,67.35303646011792,175,2,4,3,High-value less recent
TM-21010,2955.2259999999997,573.3013,8,2017-09-18,67.48168110983366,104,2,3,3,High-value less recent
CK-12325,2945.321,261.22090000000003,5,2017-09-01,67.60989458262573,121,2,2,3,High-value less recent
TH-21115,2942.772,-252.5539,4,2017-11-02,67.73799709428924,59,3,1,3,Recently active
LT-17110,2936.252,320.973,8,2017-11-26,67.86581578227357,35,3,3,3,High-value active
BC-11125,2933.676,251.5974,9,2017-06-11,67.99352233378586,203,1,4,3,High-value less recent
JK-16120,2932.484,122.6566,10,2017-09-04,68.12117699606111,118,2,4,3,High-value less recent
SW-20455,2921.544,793.6548,7,2017-07-21,68.24835542658018,163,2,3,3,High-value less recent
ML-17410,2921.5,-76.17550000000003,6,2017-11-06,68.37553194172472,55,3,2,3,Recently active
RD-19585,2912.8940000000002,734.5158,10,2017-07-03,68.50233382702523,181,2,4,3,High-value less recent
CY-12745,2900.026,60.64670000000001,8,2017-10-31,68.62857555234051,61,3,3,3,High-value active
ND-18460,2893.455,443.33680000000004,6,2017-06-30,68.7545312338834,184,1,2,3,High-value less recent
MT-17815,2890.139,509.0068,6,2017-11-11,68.88034256583731,50,3,2,3,Recently active
BF-11020,2888.506,302.02,8,2017-10-17,69.0060828112777,75,3,3,3,High-value active
DS-13180,2881.8128,163.6993,9,2017-12-07,69.13153169342829,24,4,4,3,High-value active
PV-18985,2876.046,434.52840000000003,5,2017-10-02,69.256729539629,90,2,2,3,High-value less recent
IM-15055,2872.63,975.7701,3,2016-11-16,69.38177868311682,410,1,1,3,High-value less recent
CC-12430,2870.05,424.6583,10,2017-12-30,69.50671551600766,1,4,4,3,High-value active
CC-12685,2854.1150000000002,850.1591,4,2015-10-23,69.63095867860282,800,1,1,3,High-value less recent
AW-10930,2852.968,-104.5486,7,2017-11-14,69.7551519108667,47,3,3,3,High-value active
EA-14035,2846.705,-52.74059999999998,13,2017-07-31,69.87907250697985,153,2,4,3,High-value less recent
LS-16945,2845.27,-318.77369999999996,6,2017-07-05,70.00293063576483,179,2,2,3,High-value less recent
DB-12970,2839.2272,213.00289999999998,5,2017-05-03,70.12652571397794,242,1,2,3,High-value less recent
JM-16195,2833.9260000000004,754.1144,10,2017-11-03,70.24989002438613,58,3,4,3,High-value active
CV-12295,2830.6279999999997,493.0861,5,2017-04-20,70.37311076876763,255,1,2,3,High-value less recent
TS-21610,2820.424,-294.6981,7,2017-11-05,70.49588732038497,56,3,3,3,High-value active
GH-14410,2819.4669999999996,-576.8335,9,2017-10-16,70.61862221260644,76,3,4,3,High-value active
BG-11035,2798.948,-711.4274,8,2017-12-02,70.74046388733203,29,4,3,3,High-value active
TB-21625,2797.668,379.882,9,2017-11-30,70.86224984207152,31,3,4,3,High-value active
RD-19660,2786.632,835.772,5,2017-09-07,70.98355538605585,115,2,2,3,High-value less recent
JC-15775,2772.055,279.56919999999997,9,2017-07-25,71.10422637516727,159,2,4,3,High-value less recent
PF-19165,2770.0,196.87389999999996,6,2017-06-17,71.22480790758226,197,1,2,3,High-value less recent
EB-13870,2767.219,261.5315,10,2017-09-21,71.3452683796212,101,2,4,3,High-value less recent
CS-12250,2754.216,738.3626,12,2017-12-04,71.46516281495762,27,4,4,3,High-value active
MM-18055,2749.881,-520.3443,8,2017-10-30,71.58486854237238,62,3,3,3,High-value active
KB-16585,2744.742,579.3551,12,2017-05-14,71.7043505627492,231,1,4,3,High-value less recent
LL-16840,2741.2039999999997,560.0078,6,2017-04-25,71.82367856960192,250,1,2,3,High-value less recent
MC-17275,2725.982,461.0014,8,2017-10-15,71.9423439439325,77,2,3,3,High-value less recent
JL-15850,2725.256,779.9046,6,2016-04-25,72.06097771458346,615,1,2,3,High-value less recent
ML-17395,2722.843,684.9162,9,2017-10-22,72.17950644435436,70,3,4,3,High-value active
JK-15370,2709.632,330.2838,8,2017-11-16,72.29746008292501,45,3,3,3,High-value active
JE-16165,2697.248,789.6476,3,2017-12-10,72.41487463063015,21,4,1,3,Recently active
BT-11530,2684.4919999999997,409.4983,5,2017-09-30,72.53173389384885,92,2,2,3,High-value less recent
BO-11350,2682.728,278.77700000000004,5,2017-08-15,72.64851636796169,138,2,2,3,High-value less recent
FO-14305,2678.438,215.59689999999998,10,2017-11-22,72.76511209305865,39,3,4,3,High-value active
NH-18610,2673.29,760.1666,7,2017-06-24,72.8814837193365,190,1,3,3,High-value less recent
RB-19435,2663.0860000000002,477.23990000000003,8,2017-12-11,72.99741115285018,20,4,3,3,High-value active
EJ-14155,2656.691,451.87550000000005,5,2017-11-03,73.11306020408956,58,3,2,3,Recently active
DK-13090,2650.557,536.3935,7,2017-11-18,73.22844223470808,43,3,3,3,High-value active
CA-12265,2648.2872,279.6183,9,2017-11-04,73.34372545811999,57,3,4,3,High-value active
LC-17140,2633.582,231.12520000000004,9,2017-12-17,73.4583685459541,14,4,4,3,High-value active
RA-19285,2617.906,546.0882,9,2017-12-25,73.57232923808348,6,4,4,3,High-value active
KN-16390,2617.272,-151.1518,9,2017-12-11,73.68626233140726,20,4,4,3,High-value active
SO-20335,2602.5755,-81.0858,6,2017-12-01,73.79955566787501,30,4,2,3,Recently active
SU-20665,2595.364,763.4719,7,2017-12-10,73.91253507881173,21,4,3,3,High-value active
HA-14920,2584.158,99.1445,8,2017-12-10,74.02502667868265,21,4,3,3,High-value active
AG-10270,2582.898,732.7399,5,2017-03-27,74.13746342919227,279,1,2,3,High-value less recent
LC-16870,2580.7039999999997,-188.25110000000004,8,2017-12-03,74.2498046721632,28,4,3,3,High-value active
SC-20695,2576.408,611.8291,10,2017-10-02,74.36195890493079,90,2,4,3,High-value less recent
NS-18505,2575.863,-12.303999999999997,4,2017-12-24,74.47408941317305,7,4,1,3,Recently active
BT-11305,2567.656,417.5918,5,2017-01-28,74.5858626605357,337,1,2,3,High-value less recent
EM-13810,2567.0099999999998,-133.8275,5,2017-08-20,74.69760778671787,133,2,2,3,High-value less recent
MZ-17515,2564.906,787.7503,6,2017-03-23,74.80926132317288,283,1,2,3,High-value less recent
BS-11755,2562.382,-113.29840000000003,7,2017-12-29,74.9208049867803,2,4,3,3,High-value active
DE-13255,2550.874,464.47139999999996,5,2016-01-11,75.03184769288772,720,1,2,3,High-value less recent
CC-12610,2540.631,331.434,7,2017-11-26,75.14244450851264,35,3,3,3,High-value active
AC-10615,2537.6859999999997,298.8273,5,2017-12-24,75.25291312463828,7,4,2,3,Recently active
CM-12160,2533.314,-394.3686,6,2017-12-04,75.36319142218643,27,4,2,3,Recently active
HF-14995,2533.1639999999998,-13.876799999999989,7,2017-12-09,75.47346319004869,22,4,3,3,High-value active
FM-14380,2523.266,191.4898,9,2017-08-07,75.58330408570598,146,2,4,3,High-value less recent
JB-16045,2518.115,201.51850000000002,5,2017-12-23,75.69292075195044,8,4,2,3,Recently active
JS-16030,2516.494,-311.25749999999994,6,2017-12-02,75.80246685405625,29,4,2,3,Recently active
DJ-13510,2501.6879999999996,345.2521,8,2017-11-12,75.91136843263538,49,3,3,3,High-value active
AH-10465,2495.3916,-196.12009999999998,5,2017-05-14,76.0199959211204,231,1,2,3,High-value less recent
PO-18865,2493.214,437.8533,7,2017-12-30,76.12852861597906,1,4,3,3,High-value active
NZ-18565,2488.31,402.4236,9,2017-10-06,76.23684783364098,86,2,4,3,High-value less recent
MN-17935,2477.946,290.8227,6,2017-11-26,76.34471589354047,35,3,2,3,Recently active
BP-11290,2475.157,-319.0637,7,2017-12-18,76.452462544814,13,4,3,3,High-value active
CC-12145,2471.65,392.2825,7,2017-09-15,76.56005653203187,107,2,3,3,High-value less recent
NC-18340,2461.404,580.3075,5,2017-05-20,76.66720449817352,225,1,2,3,High-value less recent
FM-14215,2456.638,249.6808,10,2017-12-23,76.77414499442945,8,4,4,3,High-value active
MH-17455,2456.1820000000002,484.77330000000006,8,2017-10-06,76.88106564044031,86,2,3,3,High-value less recent
BS-11590,2454.928,381.7807,6,2017-11-25,76.98793169827731,36,3,2,3,Recently active
VM-21685,2454.866,513.5269,7,2017-11-06,77.09479505717746,55,3,3,3,High-value active
GZ-14545,2454.6220000000003,828.661,4,2017-07-26,77.20164779445527,158,2,1,3,High-value less recent
MA-17995,2453.284,280.7822,6,2017-06-27,77.30844228693512,187,1,2,3,High-value less recent
BP-11095,2442.044,433.9751,12,2017-12-13,77.41474748828703,18,4,4,3,High-value active
MC-17590,2426.067,288.98409999999996,6,2017-11-09,77.52035719103125,52,3,2,3,Recently active
TH-21100,2422.824,-135.2125,5,2017-01-20,77.6258257219669,345,1,2,3,High-value less recent
MH-17290,2394.025,28.761200000000038,6,2017-09-02,77.73004059674662,120,2,2,3,High-value less recent
DF-13135,2390.534,-259.3097,3,2016-01-30,77.8341035039705,701,1,1,3,High-value less recent
XP-21865,2374.658,621.23,11,2017-11-17,77.93747530924179,44,3,4,3,High-value active
CK-12595,2372.75,497.70980000000003,11,2017-11-17,78.04076405690883,44,3,4,3,High-value active
JF-15415,2371.448,635.6376,6,2017-12-28,78.1439961269025,3,4,2,3,Recently active
CV-12805,2370.3136,98.99749999999999,9,2017-12-25,78.24717881505848,6,4,4,3,High-value active
NR-18550,2367.277,-25.148799999999966,5,2017-06-03,78.35022931625369,211,1,2,3,High-value less recent
JG-15115,2358.676,684.1911,3,2015-12-03,78.45290540526108,759,1,1,3,High-value less recent
AG-10495,2356.855,295.6668,8,2017-10-13,78.55550222388199,79,2,3,3,High-value less recent
CL-12700,2353.586,229.00990000000002,5,2017-09-16,78.65795673888213,106,2,2,3,High-value less recent
MG-17680,2350.188,25.888599999999972,4,2017-09-29,78.76026333473172,93,2,1,3,High-value less recent
RF-19735,2341.2960000000003,711.6168,7,2017-10-02,78.86218285080288,90,2,3,3,High-value less recent
EM-13825,2339.598,682.5541999999999,8,2017-11-05,78.96402845082996,56,3,3,3,High-value active
DB-13210,2332.577,169.9679,10,2017-12-21,79.06556841802706,10,4,4,3,High-value active
CM-12235,2305.712,365.0387,5,2016-12-10,79.16593891848468,386,1,2,3,High-value less recent
MK-17905,2302.368,-405.3559,8,2017-12-02,79.26616385047863,29,4,3,3,High-value active
LH-16900,2295.332,526.0727,9,2017-12-09,79.366082496674,22,4,4,3,High-value active
KN-16705,2280.58,329.76250000000005,8,2017-09-23,79.46535897002958,99,2,3,3,High-value less recent
JF-15190,2279.5860000000002,575.1259,7,2017-10-26,79.56459217333345,66,3,3,3,High-value active
FH-14350,2271.284,706.289,4,2017-06-01,79.66346398029,213,1,1,3,High-value less recent
CC-12670,2269.7015,187.8399,7,2017-12-01,79.76226689906062,30,4,3,3,High-value active
BE-11410,2261.438,755.9150999999999,5,2017-09-23,79.86071009743661,99,2,2,3,High-value less recent
KM-16225,2260.958,635.1057000000001,6,2017-12-16,79.95913240081782,15,4,2,3,Recently active
MC-17605,2258.192,195.4486,8,2017-09-09,80.05743429679156,113,2,3,3,High-value less recent
JH-16180,2256.3940000000002,-96.95300000000002,4,2016-11-21,80.15565792359733,405,1,1,3,High-value less recent
MY-17380,2254.285,319.1211,7,2017-12-01,80.25378974301975,30,4,3,2,Recently active
KD-16615,2243.5099999999998,539.7219,5,2017-03-16,80.35145251334045,290,1,2,2,Other
TS-21505,2243.274,11.377899999999983,6,2017-12-19,80.44910501028872,12,4,2,2,Recently active
JG-15310,2240.58,3.7976000000000063,6,2017-12-28,80.54664023407875,3,4,2,2,Recently active
LW-16825,2238.061,32.5767,5,2017-10-03,80.64406580267737,89,2,2,2,Other
AR-10405,2236.128,-98.7646,5,2017-08-27,80.74140722539076,126,2,2,2,Other
GG-14650,2224.0,12.698500000000008,9,2017-11-17,80.83822070123587,44,3,4,2,Recently active
NC-18415,2218.9900000000002,-2204.8072,6,2017-11-19,80.93481608557288,42,3,2,2,Recently active
MC-18100,2218.98,-64.1668,10,2017-11-19,81.0314110345975,42,3,4,2,Recently active
DP-13105,2215.002,563.1761,8,2017-12-24,81.12783281635282,7,4,3,2,Recently active
PF-19225,2206.1279999999997,591.3118000000001,5,2017-09-07,81.22386830189204,115,2,2,2,Other
MH-17785,2203.7780000000002,238.5614,7,2017-09-23,81.31980148901928,99,2,3,2,Other
JL-15235,2203.7,54.51740000000002,5,2017-09-02,81.41573128070985,120,2,2,2,Other
JR-16210,2201.686,452.37300000000005,5,2017-11-27,81.5115734004848,34,3,2,2,Recently active
EN-13780,2199.366,496.1131,4,2017-03-18,81.60731452778495,288,1,1,2,Other
TB-21280,2198.45,490.9567,6,2016-05-26,81.70301578047005,584,1,2,2,Other
GW-14605,2189.019,-268.54229999999995,7,2017-12-02,81.79830649003883,29,4,3,2,Recently active
BT-11395,2186.6130000000003,257.9163,6,2017-03-03,81.89349246344625,303,1,2,2,Other
PS-18760,2181.479,-134.441,6,2017-09-14,81.98845494747192,108,2,2,2,Other
SH-20395,2180.718,-144.5229,10,2017-12-07,82.08338430422461,24,4,4,2,Recently active
KN-16450,2171.962,114.3083,5,2017-11-08,82.1779325014474,53,3,2,2,Recently active
DB-12910,2171.599,431.3748,8,2017-12-09,82.27246489683039,22,4,3,2,Recently active
RP-19855,2170.716,594.5868,8,2017-12-02,82.3669588541292,29,4,3,2,Recently active
TS-21160,2163.6240000000003,260.87440000000004,6,2016-08-13,82.46114408788004,505,1,2,2,Other
HA-14905,2163.3,270.8574,7,2017-10-22,82.55531521750942,70,3,3,2,Recently active
EJ-13720,2162.174,387.0176,4,2017-03-03,82.64943733096351,303,1,1,2,Other
NM-18520,2161.979,788.9525000000001,10,2017-04-30,82.74355095582597,245,1,4,2,Other
JD-15790,2152.352,-266.55249999999995,5,2017-09-04,82.83724550544925,118,2,2,2,Other
CR-12580,2148.852,74.40129999999999,4,2017-11-03,82.93078769573553,58,3,1,2,Recently active
DN-13690,2139.79,540.5405000000001,7,2017-05-27,83.02393540593273,218,1,3,2,Other
KC-16255,2120.954,846.1217,6,2016-11-18,83.11626316170951,408,1,2,2,Other
SH-20635,2096.392,260.6258,2,2015-11-26,83.20752170319058,766,1,1,2,Other
LC-17050,2095.064,86.77799999999999,5,2017-11-06,83.29872243518605,55,3,2,2,Recently active
RH-19600,2085.7400000000002,172.6261,3,2016-07-14,83.3895172819078,535,1,1,2,Other
TG-21640,2074.661,365.7205,4,2017-09-07,83.47982984603112,115,2,1,2,Other
ML-17755,2071.9139999999998,409.51120000000003,7,2017-12-01,83.57002282984054,30,4,3,2,Recently active
RB-19705,2067.45,243.07549999999998,4,2017-11-06,83.66002149019843,55,3,1,2,Recently active
TS-21430,2054.14,48.70169999999999,5,2017-07-11,83.74944074976338,173,2,2,2,Other
AF-10870,2052.908,317.9712,7,2017-11-19,83.83880637884172,42,3,3,2,Recently active
CD-11920,2033.968,426.661,5,2017-11-20,83.92734752625077,41,3,2,2,Recently active
NF-18595,2031.472,388.2131,7,2017-09-07,84.01578001968691,115,2,3,2,Other
DJ-13420,2012.52,483.03499999999997,4,2016-04-02,84.1033875090789,638,1,1,2,Other
VB-21745,2005.596,371.2398,6,2017-11-06,84.19069358817109,55,3,2,2,Recently active
HP-14815,1990.314,373.8637,7,2017-11-30,84.27733442286676,31,3,3,2,Recently active
DB-13615,1989.05,438.80119999999994,7,2017-11-27,84.36392023407616,34,3,3,2,Recently active
PG-18895,1987.164,334.5163,9,2017-11-03,84.45042394536854,58,3,4,2,Recently active
NB-18655,1972.599,117.6429,9,2017-12-11,84.53629362416287,20,4,4,2,Recently active
SW-20275,1966.65,332.8725,6,2017-11-30,84.62190433561554,31,3,2,2,Recently active
LD-17005,1961.934,557.1714,4,2016-11-11,84.70730975374444,415,1,1,2,Other
CB-12415,1949.2,272.3883,8,2017-12-04,84.79216084507415,27,4,3,2,Recently active
TP-21565,1936.6399999999999,139.22869999999995,4,2017-01-14,84.87646518404026,351,1,1,2,Other
JO-15280,1934.272,202.13619999999997,6,2017-09-29,84.96066644103212,93,2,2,2,Other
JF-15355,1911.844,330.199,6,2017-09-16,85.04389137939255,106,2,2,2,Other
ME-17725,1908.4532,77.81280000000001,8,2017-12-02,85.12696871202732,29,4,3,2,Recently active
SV-20935,1903.491,106.8912,8,2017-12-28,85.20983003394721,3,4,3,2,Recently active
KD-16345,1888.964,328.5942,6,2017-11-19,85.29205897755614,42,3,2,2,Recently active
GD-14590,1888.07,230.93729999999996,4,2017-12-25,85.37424900423729,6,4,1,2,Recently active
SG-20470,1884.798,-119.0105,8,2017-06-30,85.45629659670396,184,1,3,2,Other
LR-17035,1879.306,-382.8079,5,2017-08-20,85.53810511560529,133,2,2,2,Other
SC-20440,1874.998,379.5611,7,2017-11-24,85.61972610192842,37,3,3,2,Recently active
BG-11695,1874.172,107.5715,6,2017-11-24,85.701311131448,37,3,2,2,Recently active
SP-20650,1872.4360000000001,268.4782,9,2016-12-09,85.78282059073643,387,1,4,2,Other
NG-18355,1869.58,313.63349999999997,5,2017-11-12,85.86420572480591,49,3,2,2,Recently active
CD-12790,1860.732,403.8422,5,2016-11-26,85.94520569447147,400,1,2,2,Other
SN-20560,1860.418,-716.8565000000001,6,2017-09-10,86.02619199532795,112,2,2,2,Other
PR-18880,1840.178,247.6226,5,2017-11-24,86.10629722390425,37,3,2,2,Recently active
AJ-10945,1839.24,521.1351999999999,7,2017-10-06,86.18636162017823,86,2,3,2,Other
PC-18745,1832.064,272.685,4,2017-12-28,86.26611363628017,3,4,1,2,Recently active
EG-13900,1832.02,104.2656,5,2017-12-08,86.34586373700756,23,4,2,2,Recently active
PJ-19015,1824.2340000000002,682.9979000000001,7,2017-08-18,86.42527490350702,135,2,3,2,Other
NC-18625,1821.742,-359.02099999999996,5,2017-06-09,86.50457759015856,205,1,2,2,Other
JM-15265,1804.146,502.6143,5,2017-11-23,86.5831143011262,38,3,2,2,Recently active
JB-15400,1791.605,156.05319999999998,10,2017-12-23,86.6611050868238,8,4,4,2,Recently active
AA-10480,1790.5120000000002,435.8274,4,2017-04-15,86.73904829287703,260,1,1,2,Other
CC-12100,1770.945,208.5912,6,2016-09-29,86.81613972317402,458,1,2,2,Other
DS-13030,1762.213,193.3319,4,2017-09-28,86.89285103869085,94,2,1,2,Other
MF-18250,1758.3,456.86080000000004,5,2017-12-23,86.96939201646893,8,4,2,2,Recently active
AH-10030,1744.7,365.2152,7,2017-12-18,87.04534096939472,13,4,3,2,Recently active
LH-17155,1739.689,316.5202,9,2016-12-10,87.12107178728117,386,1,4,2,Other
BW-11200,1738.406,246.9973,6,2017-06-10,87.1967467545878,204,1,2,2,Other
VT-21700,1736.596,-224.08889999999997,2,2015-04-05,87.27234293035161,1001,1,1,2,Other
AH-10120,1735.5140000000001,-2.3145999999999773,7,2017-10-31,87.34789200531466,61,3,3,2,Recently active
MV-18190,1734.574,273.8582,7,2017-12-11,87.42340016091293,20,4,3,2,Recently active
JM-15535,1733.443,356.5395,7,2017-09-19,87.49885908267973,103,2,3,2,Other
BE-11455,1727.652,139.20080000000002,6,2017-04-20,87.57406591504068,255,1,2,2,Other
DB-13405,1711.692,438.9092,4,2017-06-26,87.64857798882495,188,1,1,2,Other
JP-16135,1707.71,309.7116,9,2017-09-19,87.72291672121499,103,2,4,2,Other
TZ-21580,1707.286,224.8887,4,2017-11-25,87.79723699635964,36,3,1,2,Recently active
BP-11155,1697.8609999999999,647.3847000000001,6,2017-10-02,87.8711469895754,90,2,2,2,Other
DK-12985,1687.04,-107.35379999999998,5,2017-12-23,87.94458593125243,8,4,2,2,Recently active
MO-17800,1687.0269999999998,169.34369999999998,8,2017-09-17,88.01802430702334,105,2,3,2,Other
RA-19945,1686.9225,-445.695,5,2017-10-30,88.0914581337798,62,3,2,2,Recently active
KE-16420,1686.7312,397.87989999999996,8,2017-12-04,88.16488363301018,27,4,3,2,Recently active
CA-12055,1679.7240000000002,211.2559,5,2016-11-24,88.23800410014167,402,1,2,2,Other
CM-11815,1673.888,214.463,6,2017-08-21,88.31087051896154,132,2,2,2,Other
JP-15460,1669.135,429.7465,7,2017-11-23,88.38353003380179,38,3,3,2,Recently active
CM-12115,1661.6100000000001,409.0679,4,2017-12-22,88.45586197606752,9,4,1,2,Recently active
CC-12475,1659.438,154.851,9,2017-11-21,88.52809936848185,40,3,4,2,Recently active
EB-13975,1643.255,162.8781,4,2017-12-30,88.59963229485318,1,4,1,2,Recently active
AP-10720,1638.554,285.7888,8,2017-11-19,88.67096058086932,42,3,3,2,Recently active
AZ-10750,1622.0179999999998,154.9503,6,2017-07-23,88.74156903431505,161,2,2,2,Other
MS-17710,1613.402,247.4348,6,2016-11-12,88.81180242260437,414,1,2,2,Other
TB-21250,1602.376,260.6155,7,2017-01-15,88.88155583545092,350,1,3,2,Other
CR-12730,1600.55,306.9176,4,2017-10-13,88.95122976025483,79,2,1,2,Other
AH-10195,1587.452,-378.5509,4,2017-11-05,89.02033351288848,56,3,1,2,Recently active
BF-11215,1585.162,523.2133,4,2017-10-26,89.08933757898453,66,3,1,2,Recently active
CK-12760,1582.109,-338.4311,9,2017-10-09,89.15820874420746,83,2,4,2,Other
MC-18130,1581.9979999999998,121.7565,5,2016-12-26,89.22707507746286,370,1,2,2,Other
JL-15175,1571.523,209.2817,5,2017-12-24,89.29548542098827,7,4,2,2,Recently active
KB-16315,1569.464,49.71929999999999,9,2017-03-09,89.3638061336923,297,1,4,2,Other
GB-14530,1568.44,7.837100000000003,11,2017-10-29,89.43208227040745,63,3,4,2,Recently active
ON-18715,1567.52,-5.88900000000001,9,2016-11-15,89.50031835838259,411,1,4,2,Other
MV-17485,1560.05,189.0258,9,2017-12-03,89.56822926800136,28,4,4,2,Recently active
MB-17305,1548.702,212.425,10,2017-11-12,89.63564618511838,49,3,4,2,Recently active
BD-11620,1538.11,206.75689999999997,6,2017-10-22,89.70260201935045,70,3,2,2,Recently active
CH-12070,1537.236,195.15109999999999,3,2016-02-08,89.76951980727951,692,1,1,2,Other
BD-11725,1526.5,333.9791,6,2017-09-28,89.83597024382516,94,2,2,2,Other
BV-11245,1523.2730000000001,315.2214,5,2017-01-30,89.90228020506213,335,1,2,2,Other
KA-16525,1519.506,234.9194,7,2017-11-24,89.96842618412124,37,3,3,2,Recently active
AB-10600,1515.862,-274.9604,4,2017-11-10,90.03441353534494,51,3,1,2,Recently active
JG-15805,1507.018,206.1019,6,2017-05-21,90.1000158962897,224,1,2,2,Other
DL-12865,1503.112,322.2449,8,2017-09-21,90.16544822421437,101,2,3,2,Other
ZD-21925,1493.944,249.1307,5,2017-06-11,90.23048145773862,203,1,2,2,Other
CM-12190,1475.144,91.2033,6,2017-12-22,90.29469630396707,9,4,2,2,Recently active
LE-16810,1469.45,161.76489999999998,6,2017-12-09,90.35866328331983,22,4,2,2,Recently active
TB-21055,1467.881,390.2113,5,2017-09-02,90.42256196215841,120,2,2,2,Other
PN-18775,1467.152,192.0396,8,2017-11-30,90.48642890672365,31,3,3,2,Recently active
RK-19300,1460.192,269.688,3,2017-09-02,90.54999287386448,120,2,1,2,Other
BN-11515,1459.344,340.7054,5,2017-12-21,90.61351992651453,10,4,2,2,Recently active
DL-13315,1458.258,288.8732,8,2017-12-08,90.67699970423887,23,4,3,2,Recently active
PB-19150,1456.95,280.6606,8,2017-09-24,90.74042254310241,98,2,3,2,Other
AG-10525,1455.038,-152.7613,4,2015-09-07,90.80376215023671,846,1,1,2,Other
RM-19375,1453.474,392.1499,6,2017-01-19,90.86703367451301,346,1,2,2,Other
PK-18910,1441.152,-798.705,2,2016-09-03,90.92976880686062,484,1,1,2,Other
TD-20995,1434.5480000000002,88.1897,9,2017-11-23,90.99221645890499,38,3,4,2,Recently active
JW-16075,1428.731,154.06369999999998,4,2016-09-25,91.05441088973126,462,1,1,2,Other
MB-18085,1428.231,117.8057,7,2017-11-16,91.11658355493798,45,3,3,2,Recently active
TT-21220,1427.0439999999999,278.7371,8,2017-06-30,91.17870454856381,184,1,3,2,Other
CA-12310,1421.954,246.02179999999998,4,2017-12-17,91.24060396818246,14,4,1,2,Recently active
RD-19720,1419.737,207.3304,10,2017-12-09,91.30240687904393,22,4,4,2,Recently active
NL-18310,1418.0900000000001,343.6381,4,2017-11-02,91.36413809395451,59,3,1,2,Recently active
JS-15595,1417.654,-175.54899999999998,4,2017-09-02,91.42585032924487,120,2,1,2,Other
PM-18940,1405.402,157.8768,3,2016-12-09,91.48702921979326,387,1,1,2,Other
GA-14725,1398.382,136.70790000000002,11,2017-12-25,91.54790252104291,6,4,4,2,Recently active
CR-12820,1397.8724,83.27029999999999,3,2017-10-06,91.60875363877312,86,2,1,2,Other
NG-18430,1395.9379999999999,217.0893,5,2017-11-12,91.66952054967432,49,3,2,2,Recently active
JE-15475,1388.682,276.2197,6,2017-06-20,91.72997159790431,194,1,2,2,Other
TB-21595,1387.559,-136.4091,5,2017-03-20,91.79037376055277,286,1,2,2,Other
FG-14260,1383.144,394.73969999999997,7,2017-11-26,91.85058373278041,35,3,3,2,Recently active
DM-13525,1376.792,199.7688,3,2016-09-05,91.91051719457704,482,1,1,2,Other
GH-14485,1361.2440000000001,-95.4498,2,2016-12-08,91.96977383266754,388,1,1,2,Other
SB-20170,1348.02,157.6658,3,2017-06-12,92.02845481365169,202,1,1,2,Other
LM-17065,1346.774,-44.87799999999999,5,2016-12-04,92.08708155471186,392,1,2,2,Other
MG-17695,1342.282,-398.79319999999996,3,2016-06-23,92.14551275344581,556,1,1,2,Other
SJ-20215,1341.036,-23.5137,6,2017-12-01,92.2038897122558,30,4,2,2,Recently active
BM-11785,1338.842,137.7439,10,2017-05-26,92.26217116352713,219,1,4,2,Other
BF-11005,1333.88,-291.38109999999995,4,2017-11-21,92.32023661278983,40,3,1,2,Recently active
SS-20140,1324.028,332.3487,8,2017-12-15,92.37787319228454,16,4,3,2,Recently active
DM-12955,1322.034,108.7583,7,2017-09-07,92.4354229704884,115,2,3,2,Other
MT-18070,1319.4498,-23.676300000000005,4,2017-06-10,92.49286025526409,204,1,1,2,Other
SJ-20500,1318.776,68.09629999999999,5,2017-04-21,92.55026820869084,254,1,2,2,Other
MM-17260,1314.023,178.402,4,2017-07-15,92.60746925813797,169,2,1,2,Other
SP-20545,1306.086,-118.77570000000001,6,2017-02-06,92.66432480014007,328,1,2,2,Other
MC-17575,1303.893,210.7493,8,2017-12-03,92.72108487813472,28,4,3,2,Recently active
EK-13795,1303.478,97.10659999999999,4,2017-11-16,92.77782689066512,45,3,1,2,Recently active
Co-12640,1300.076,205.62820000000002,5,2016-06-29,92.83442080991998,550,1,2,2,Other
DO-13435,1300.0315,-38.90860000000001,9,2017-08-19,92.8910127920347,134,2,4,2,Other
HR-14770,1299.288,185.5794,5,2017-12-17,92.94757240867311,14,4,2,2,Recently active
GR-14560,1284.38,359.83320000000003,2,2014-11-21,93.00348306159843,1136,1,1,2,Other
CS-11845,1278.954,185.3776,5,2017-09-30,93.05915751402019,92,2,2,2,Other
PS-18970,1278.639,198.5099,8,2017-10-22,93.11481825410162,70,3,3,2,Recently active
SV-20815,1271.0900000000001,199.6502,4,2017-10-15,93.17015037685879,77,2,1,2,Other
DO-13645,1267.316,294.0676,7,2017-12-04,93.22531821271946,27,4,3,2,Recently active
CL-11890,1262.0140000000001,328.0847,4,2017-09-15,93.28025524595019,107,2,1,2,Other
LW-17125,1259.04,192.6312,3,2017-06-08,93.33506281727574,206,1,1,2,Other
ME-18010,1256.944,107.3604,4,2017-09-29,93.38977914712406,93,2,1,2,Other
GM-14500,1255.682,441.3185,10,2017-09-15,93.44444054054858,107,2,4,2,Other
SC-20680,1254.64,370.1578,6,2017-08-26,93.49905657442193,127,2,2,2,Other
MH-17620,1252.8,122.3612,4,2017-07-28,93.55359251081524,156,2,1,2,Other
ER-13855,1245.788,-295.7398,3,2016-11-04,93.60782320615972,422,1,1,2,Other
TC-21475,1244.976,119.104,9,2017-07-30,93.66201855413802,154,2,4,2,Other
JW-15955,1244.086,-29.575899999999987,7,2017-12-25,93.71617515931347,6,4,3,2,Recently active
MG-17875,1242.8329999999999,-470.7684,5,2017-09-05,93.77027721984629,117,2,2,2,Other
NP-18685,1228.698,514.5017,6,2016-11-19,93.82376396631388,407,1,2,2,Other
PJ-18835,1220.09,442.1355,8,2017-11-21,93.87687599587497,40,3,3,2,Recently active
EH-14005,1219.53,-94.14079999999997,7,2017-12-28,93.92996364794212,3,4,3,2,Recently active
JL-15130,1214.956,-207.79559999999998,6,2017-12-22,93.98285218812146,9,4,2,2,Recently active
CD-12280,1205.584,233.0274,2,2017-11-18,94.03533275352758,43,3,1,2,Recently active
MD-17860,1204.91,-4.040300000000002,5,2017-11-24,94.08778397887853,37,3,2,2,Recently active
DW-13585,1204.854,-266.8966,7,2017-05-02,94.14023276648008,243,1,3,2,Other
EB-14170,1186.326,282.1701,6,2017-10-09,94.19187500728287,83,2,2,2,Other
BP-11230,1181.49,-197.2695,5,2017-11-21,94.2433067310132,40,3,2,2,Recently active
DC-13285,1174.618,132.06820000000002,5,2017-12-07,94.29443930806816,24,4,2,2,Recently active
AT-10435,1171.814,100.87680000000002,6,2017-12-09,94.34544982352855,22,4,2,2,Recently active
JR-15670,1156.658,-785.1645,2,2016-05-16,94.39580057952857,594,1,1,2,Other
DB-13660,1155.202,177.67350000000002,7,2017-12-18,94.4460879540444,13,4,3,2,Recently active
CG-12520,1148.7800000000002,169.93439999999998,3,2017-01-26,94.49609577094247,339,1,1,2,Other
KC-16675,1146.05,156.7797,4,2017-11-03,94.5459847475577,58,3,1,2,Recently active
RD-19810,1137.616,318.4625,8,2017-12-16,94.59550658170203,15,4,3,1,Recently active
CW-11905,1136.592,370.8298,6,2017-12-08,94.6449838398575,23,4,2,1,Recently active
JS-15685,1131.0639999999999,-54.8692,4,2017-11-18,94.69422045732298,43,3,1,1,Recently active
DV-13045,1119.483,-427.184,5,2017-12-11,94.74295293950802,20,4,2,1,Recently active
AB-10165,1113.838,220.813,8,2017-12-05,94.7914396878481,26,4,3,1,Recently active
TM-21490,1094.6779999999999,292.52099999999996,3,2017-08-22,94.83909237764627,131,2,1,1,Other
JO-15550,1090.838,167.6709,5,2017-05-29,94.88657790748617,216,1,2,1,Other
SW-20245,1085.078,-19.60620000000001,7,2017-10-10,94.93381269738863,82,2,3,1,Other
JF-15490,1082.918,-18.06730000000001,11,2017-08-31,94.98095345981454,122,2,4,1,Other
DB-13360,1081.466,291.0085,5,2017-04-10,95.02803101488122,265,1,2,1,Other
DW-13195,1080.751,-86.87379999999999,6,2017-10-22,95.07507744511193,70,3,2,1,Recently active
CS-12490,1077.2285,-302.8761,4,2016-11-01,95.12197053655277,425,1,1,1,Other
PC-19000,1061.488,-184.3364,2,2015-08-01,95.16817842452392,883,1,1,1,Other
DP-13165,1058.616,-40.93759999999999,2,2015-10-10,95.21426129077628,813,1,1,1,Other
JC-15385,1058.108,502.92440000000005,1,2017-07-08,95.26032204315915,176,2,1,1,Other
PO-19195,1056.858,-49.70089999999999,5,2017-10-05,95.30632838149309,87,2,2,1,Other
AA-10375,1056.39,277.3824,9,2017-12-11,95.35231434720714,20,4,4,1,Recently active
VS-21820,1055.981,-262.8093,4,2017-05-23,95.39828250864437,222,1,1,1,Other
AR-10345,1055.694,-221.0544,4,2017-09-10,95.44423817661597,112,2,1,1,Other
DP-13000,1050.636,241.4524,9,2017-08-26,95.48997366357999,127,2,4,1,Other
DH-13675,1043.096,116.667,4,2015-11-15,95.53538092500091,777,1,1,1,Other
SM-20905,1043.041,-237.2885,1,2016-05-03,95.58078579220368,607,1,1,1,Other
EM-14095,1041.0420000000001,240.2362,4,2017-09-08,95.6261036404594,114,2,1,1,Other
TC-21145,1038.26,265.5332,1,2017-09-15,95.67130038480784,107,2,1,1,Other
MK-18160,1031.602,227.83380000000002,4,2017-05-04,95.71620729816608,241,1,1,1,Other
TH-21235,1022.201,92.729,8,2017-09-04,95.76070497434519,118,2,3,1,Other
SW-20350,1019.044,95.8383,3,2017-07-21,95.80506522240233,163,2,1,1,Other
LS-17200,1010.2560000000001,244.197,6,2017-09-25,95.84904291792994,97,2,2,1,Other
RB-19330,1008.1959999999999,-164.40619999999998,2,2017-10-23,95.8929309391049,69,3,1,1,Recently active
LS-17245,1008.1360000000001,348.3584,6,2017-11-26,95.93681634840551,35,3,2,1,Recently active
BG-11740,1006.356,119.34790000000001,6,2017-11-03,95.98062427210048,58,3,2,1,Recently active
VP-21730,993.9019999999999,205.3888,3,2017-11-30,96.02389005774317,31,3,1,1,Recently active
KB-16600,983.922,293.55240000000003,7,2017-12-29,96.06672140161928,2,4,3,1,Recently active
BP-11050,983.42,209.78300000000002,5,2017-10-08,96.10953089281334,84,2,2,1,Other
TS-21340,974.7819999999999,-184.97889999999998,5,2017-05-18,96.15196436116372,227,1,2,1,Other
RD-19930,970.9420000000001,35.05740000000001,4,2017-11-18,96.1942306695558,43,3,1,1,Recently active
AB-10150,966.71,313.6597,5,2017-11-19,96.23631275374385,42,3,2,1,Recently active
RC-19825,966.409,63.991400000000006,6,2016-12-26,96.27838173502892,370,1,2,1,Other
SS-20875,964.636,-75.586,5,2017-09-01,96.32037353542698,121,2,2,1,Other
JH-15910,959.477,-13.554499999999996,7,2017-11-19,96.36214075816233,42,3,3,1,Recently active
JF-15295,955.124,97.28899999999999,5,2017-05-19,96.40371848941372,226,1,2,1,Other
RP-19270,954.6452,59.538399999999996,4,2016-08-21,96.4452753779078,497,1,1,1,Other
BS-11800,949.4300000000001,194.0516,2,2017-04-09,96.48660524228353,266,1,1,1,Other
RF-19840,945.222,280.0261,8,2017-12-24,96.52775192720497,7,4,3,1,Recently active
EB-13930,944.6000000000001,0.6042000000000058,5,2017-07-22,96.56887153569565,162,2,2,1,Other
MF-17665,937.039,-341.52650000000006,5,2016-11-04,96.60966200448719,422,1,2,1,Other
EM-13960,933.704,102.29599999999999,5,2017-08-01,96.65030729659622,152,2,2,1,Other
AC-10420,925.8,-62.1342,3,2017-05-12,96.69060851779109,233,1,1,1,Other
EH-14185,923.884,242.1107,6,2017-09-16,96.73082633313177,106,2,2,1,Other
MO-17500,922.487,59.357699999999994,4,2017-10-19,96.77098333533138,73,3,1,1,Recently active
AB-10255,914.5319999999999,264.5675,9,2017-07-17,96.81079404652364,167,2,4,1,Other
KB-16405,908.821,274.297,3,2017-09-04,96.85035615080918,118,2,1,1,Other
CG-12040,904.4680000000001,86.5106,6,2017-11-11,96.88972876361073,50,3,2,1,Recently active
SC-20575,902.7280000000001,100.2253,5,2017-09-29,96.9290256320562,93,2,2,1,Other
JB-15925,900.552,-286.9808,3,2015-12-24,96.9682277765253,738,1,1,1,Other
HZ-14950,886.52,-130.3879,5,2017-11-25,97.00681909064679,36,3,2,1,Recently active
AB-10015,886.156,129.3465,3,2016-11-10,97.04539455939724,416,1,1,1,Other
RC-19960,885.752,10.563300000000002,6,2017-09-11,97.08395244152706,111,2,2,1,Other
CS-12130,884.64,143.8339,4,2016-08-28,97.12246191691897,490,1,1,1,Other
HE-14800,883.5319999999999,274.4028,4,2017-12-18,97.16092315969793,13,4,1,1,Recently active
SK-19990,883.409,168.7933,3,2017-12-22,97.19937904813446,9,4,1,1,Recently active
RE-19450,876.696,209.2294,5,2017-03-03,97.23754271136265,303,1,2,1,Other
JM-15655,864.947,117.20400000000001,5,2017-12-22,97.2751949260622,9,4,2,1,Recently active
JR-15700,863.88,107.985,1,2017-10-23,97.31280069292957,69,3,1,1,Recently active
AF-10885,861.565,-163.1175,4,2016-11-10,97.35030568497835,416,1,1,1,Other
JC-16105,858.576,201.5952,5,2017-11-03,97.38768056215335,58,3,2,1,Recently active
MS-17980,855.116,55.226,6,2017-12-04,97.42490482124091,27,4,2,1,Recently active
VF-21715,847.944,-96.27799999999999,5,2017-12-17,97.46181687428138,14,4,2,1,Recently active
VG-21790,846.01,143.6268,6,2017-07-29,97.49864473790534,155,2,2,1,Other
CS-12175,844.4580000000001,113.1405,5,2017-05-12,97.53540504104618,233,1,2,1,Other
TB-21355,834.328,268.967,5,2017-08-06,97.57172437273455,147,2,2,1,Other
AS-10630,833.398,136.49190000000002,7,2017-09-29,97.60800322037049,93,2,3,1,Other
EH-13990,825.9499999999999,150.3759,6,2016-11-20,97.64395784733735,406,1,2,1,Other
TB-21190,816.1740000000001,179.0038,4,2017-11-11,97.67948691291036,50,3,1,1,Recently active
AM-10360,814.012,194.9878,5,2017-12-02,97.71492186394438,29,4,2,1,Recently active
BM-11575,808.162,95.58160000000001,6,2017-09-21,97.75010215722942,101,2,2,1,Other
DK-13150,797.832,249.9447,2,2017-12-20,97.78483277281416,11,4,1,1,Recently active
MC-17635,795.154,-247.94350000000003,4,2017-06-24,97.81944681174048,190,1,1,1,Other
BF-11275,791.9899999999999,25.870199999999997,3,2017-11-03,97.85392311782616,58,3,1,1,Recently active
HG-14845,785.628,147.0032,5,2017-11-06,97.88812247816846,55,3,2,1,Recently active
MG-17890,776.384,171.7372,9,2017-09-22,97.92191943573613,100,2,4,1,Other
MM-18280,775.414,58.8916,9,2017-10-06,97.95567416800185,86,2,4,1,Other
SF-20065,763.5459999999999,228.1623,7,2017-11-01,97.98891227152147,60,3,3,1,Recently active
SW-20755,758.6959999999999,68.2416,2,2016-07-14,98.02193924853125,535,1,1,1,Other
LP-17080,756.606,110.7813,4,2017-11-20,98.05487524525125,41,3,1,1,Recently active
Dl-13600,755.602,175.2388,5,2017-09-02,98.08776753660715,120,2,2,1,Other
IG-15085,744.574,320.4982,4,2017-10-20,98.12017976545782,72,3,1,1,Recently active
BB-10990,744.3399999999999,11.583900000000007,5,2017-09-16,98.15258180799853,106,2,2,1,Other
TC-21535,742.5580000000001,217.933,7,2017-12-26,98.1849062778711,5,4,3,1,Recently active
ML-18040,742.082,138.71620000000001,3,2017-10-12,98.21721002687383,80,2,1,1,Other
RH-19555,740.382,0.30570000000000164,2,2016-07-29,98.24943977277003,520,1,1,1,Other
PB-18805,740.356,229.2257,3,2017-12-05,98.28166838685404,26,4,1,1,Recently active
AH-10585,738.504,83.96300000000001,4,2017-12-09,98.31381638108313,22,4,1,1,Recently active
HM-14980,736.276,117.2755,4,2017-04-27,98.34586738771144,248,1,1,1,Other
PH-18790,729.648,47.8878,1,2017-10-21,98.37762986928671,71,3,1,1,Recently active
PA-19060,729.408,225.8588,6,2017-09-18,98.4093819033646,104,2,2,1,Other
JJ-15445,709.178,200.5558,5,2016-09-03,98.4402533004747,484,1,2,1,Other
JD-16060,695.442,111.11410000000001,3,2017-03-05,98.47052675248398,301,1,1,1,Other
PB-19105,688.324,218.15970000000002,4,2017-11-03,98.50049034913309,58,3,1,1,Recently active
EH-13945,684.1709999999999,53.53980000000001,8,2017-05-27,98.53027316054605,218,1,3,1,Other
TR-21325,675.9419999999999,220.36440000000002,5,2017-06-20,98.55969775339211,194,1,2,1,Other
AG-10330,660.972,-5.137100000000006,5,2017-12-22,98.5884706835883,9,4,2,1,Recently active
BK-11260,659.1379999999999,-63.764399999999995,6,2017-10-14,98.61716377749188,78,2,2,1,Other
BD-11770,658.466,141.265,6,2017-02-06,98.64582761840276,328,1,2,1,Other
AC-10660,657.316,-28.700399999999995,5,2017-03-23,98.67444139838865,283,1,2,1,Other
AW-10840,649.376,65.77250000000001,4,2017-12-10,98.70270954033579,21,4,1,1,Recently active
LO-17170,644.35,150.1712,5,2017-12-28,98.73075889427498,3,4,2,1,Recently active
JB-16000,644.1188,126.76490000000001,7,2017-11-17,98.7587981837917,44,3,3,1,Recently active
CD-11980,639.766,-206.7172,3,2017-11-06,98.78664799053068,55,3,1,1,Recently active
MR-17545,639.178,162.9363,4,2017-08-27,98.81447220090105,126,2,1,1,Other
AJ-10960,629.2479999999999,60.4265,3,2017-10-17,98.84186414606678,75,3,1,1,Recently active
RR-19315,615.932,-73.835,2,2017-12-11,98.86867642925215,20,4,1,1,Recently active
SS-20515,613.4,199.93449999999999,3,2016-08-26,98.89537849133998,492,1,1,1,Other
BT-11440,603.876,-77.5256,4,2016-06-18,98.92166596190629,561,1,1,1,Other
BF-10975,599.798,227.4384,7,2017-09-30,98.94777591207938,92,2,3,1,Other
MZ-17335,593.606,85.01910000000001,4,2017-11-30,98.97361631681972,31,3,1,1,Recently active
DL-13330,585.02,222.6812,4,2017-11-03,98.9990829623408,58,3,1,1,Recently active
AS-10240,584.6080000000001,33.715799999999994,7,2017-06-21,99.02453167299137,193,1,3,1,Other
BD-11635,582.646,141.53400000000002,3,2017-12-21,99.04989497535075,10,4,1,1,Recently active
NK-18490,572.048,121.2177,7,2017-10-21,99.07479693363773,71,3,3,1,Recently active
CM-11935,565.392,-43.732400000000005,2,2016-01-22,99.099409147997,709,1,1,1,Other
CS-12460,550.644,156.2593,2,2017-12-03,99.12337936364143,28,4,1,1,Recently active
CS-11860,537.632,105.8275,6,2017-07-21,99.14678315080221,163,2,2,1,Other
JH-15820,528.91,26.082199999999997,6,2017-07-09,99.16980725849521,175,2,2,1,Other
RB-19570,528.546,76.8879,5,2017-12-05,99.19281552081718,26,4,2,1,Recently active
AY-10555,497.014,103.3499,4,2017-12-16,99.2144511561066,15,4,1,1,Recently active
CR-12625,475.9,144.7594,3,2016-09-16,99.23516767281284,471,1,1,1,Other
MS-17530,475.65599999999995,84.0268,4,2016-10-22,99.25587356789673,435,1,1,1,Other
JS-15940,469.169,-327.9336,5,2016-09-23,99.27629707583233,464,1,2,1,Other
EC-14050,461.914,96.4256,5,2017-11-07,99.29640476462797,54,3,2,1,Recently active
KM-16660,453.538,91.1391,5,2017-12-15,99.31614783576461,16,4,2,1,Recently active
KW-16570,449.096,107.92699999999999,4,2015-11-20,99.33569754113695,772,1,1,1,Other
TT-21265,439.5,93.9162,3,2016-11-19,99.35482952073853,407,1,1,1,Other
ST-20530,433.34000000000003,84.4419,7,2017-08-27,99.37369334790702,126,2,3,1,Other
VG-21805,427.372,-52.333,5,2017-03-19,99.39229738064033,287,1,2,1,Other
SS-20590,418.49,135.5401,6,2016-10-24,99.4105147689076,433,1,2,1,Other
BT-11485,415.19599999999997,126.8694,2,2016-03-11,99.42858876527316,660,1,1,1,Other
MH-17440,400.016,61.428599999999996,4,2016-12-19,99.44600195742858,377,1,1,1,Other
BW-11065,385.516,-58.28659999999999,3,2017-06-01,99.46278394661647,213,1,1,1,Other
JD-16015,385.43,26.7605,6,2017-09-09,99.47956219211781,113,2,2,1,Other
JK-15325,383.812,55.32769999999999,3,2017-03-18,99.49627000407422,288,1,1,1,Other
VM-21835,380.69,116.6373,5,2017-09-04,99.51284191150204,118,2,2,1,Other
NF-18475,377.16200000000003,85.92779999999999,4,2016-07-23,99.52926024071817,526,1,1,1,Other
MS-17830,370.348,19.431199999999997,4,2016-10-04,99.54538194807084,453,1,1,1,Other
LS-17230,368.88000000000005,39.1952,3,2015-11-14,99.56143975156441,778,1,1,1,Other
AG-10300,367.548,59.288399999999996,4,2017-09-03,99.57743957144747,119,2,1,1,Other
EM-14200,366.822,21.7721,3,2017-07-25,99.59340778765092,159,2,1,1,Other
HJ-14875,358.1,98.6548,5,2017-08-26,99.6089963243866,127,2,2,1,Other
DW-13540,344.08,69.6672,5,2017-09-23,99.62397455314954,99,2,2,1,Other
LT-16765,329.876,59.036,3,2017-12-04,99.63833446419176,27,4,1,1,Recently active
BD-11560,320.54,116.714,2,2017-03-27,99.65228796758537,279,1,1,1,Other
LH-17020,318.239,-242.73989999999998,4,2017-05-05,99.66614130559772,240,1,1,1,Other
JH-15430,309.281,-24.077100000000005,4,2017-12-25,99.67960469076986,6,4,1,1,Recently active
JM-15580,303.948,113.1204,5,2017-12-30,99.69283592384367,1,4,2,1,Recently active
CM-12445,287.99,64.4296,3,2016-10-20,99.70537248540332,437,1,1,1,Other
LH-16750,287.426,12.627699999999999,3,2017-08-01,99.71788449534408,152,2,1,1,Other
SC-20845,280.632,31.1757,2,2017-08-21,99.73010075404613,132,2,1,1,Other
SC-20800,279.25600000000003,51.8252,4,2017-11-30,99.74225711376315,31,3,1,1,Recently active
NB-18580,273.87199999999996,24.788800000000002,2,2014-10-22,99.75417910128861,1166,1,1,1,Other
BF-11080,272.95,110.9272,3,2017-12-05,99.7660609530116,26,4,1,1,Recently active
DD-13570,269.542,36.4344,6,2017-11-19,99.7777944502716,42,3,2,1,Recently active
BN-11470,265.296,36.6131,4,2017-12-06,99.78934311389021,25,4,1,1,Recently active
AR-10510,264.86400000000003,43.6695,5,2017-12-16,99.80087297201352,15,4,2,1,Recently active
HD-14785,251.36,-135.87599999999998,3,2015-11-22,99.8118149842835,770,1,1,1,Other
SM-20005,244.49399999999997,-26.5927,4,2016-11-04,99.82245811106554,422,1,1,1,Other
PL-18925,239.481,-0.7527000000000026,5,2017-12-15,99.8328830157458,16,4,2,1,Recently active
GP-14740,236.53,31.837600000000002,2,2015-11-26,99.84317945973932,766,1,1,1,Other
EM-14065,228.99,40.15459999999999,4,2017-11-13,99.85314767818977,48,3,1,1,Recently active
GT-14755,226.436,-6.139200000000002,4,2017-11-26,99.86300471785546,35,3,1,1,Recently active
RB-19645,221.084,72.679,5,2016-03-22,99.87262877832926,649,1,2,1,Other
HH-15010,218.668,86.7342,2,2017-10-19,99.8821476673293,73,3,1,1,Recently active
AG-10390,200.945,69.2784,5,2017-09-07,99.89089505217808,115,2,2,1,Other
JJ-15760,195.0,34.449200000000005,2,2015-12-08,99.89938364381018,754,1,1,1,Other
AG-10765,170.584,-8.431000000000001,4,2017-10-14,99.90680937670746,78,2,1,1,Other
ML-18265,162.232,42.6648,2,2017-09-21,99.91387153669545,101,2,1,1,Other
AO-10810,161.28,12.096,1,2016-08-16,99.92089225494377,502,1,1,1,Other
PT-19090,160.572,-20.0508,4,2017-10-20,99.9278821530748,72,3,1,1,Recently active
DA-13450,156.76,56.7904,4,2017-01-12,99.93470611012222,353,1,1,1,Other
MO-17950,154.288,-82.0074,2,2017-07-03,99.9414224579465,181,2,1,1,Other
GH-14665,146.94080000000002,-5.810200000000001,2,2017-12-28,99.94781897305057,3,4,1,1,Recently active
PB-19210,132.738,21.897000000000002,2,2016-02-11,99.9535972226714,689,1,1,1,Other
BO-11425,130.83,59.4522,2,2017-10-16,99.95929241468795,76,3,1,1,Recently active
EL-13735,124.28,27.1154,2,2017-10-14,99.96470247708814,78,2,1,1,Other
CC-12550,113.832,33.870599999999996,3,2017-12-03,99.96965772510181,28,4,1,1,Recently active
RM-19750,98.35,28.6879,1,2017-03-06,99.97393902247113,300,1,1,1,Other
KS-16300,88.472,0.11099999999999888,3,2017-03-10,99.97779031826025,296,1,1,1,Other
AR-10570,88.15,32.633,1,2016-07-14,99.98162759699034,535,1,1,1,Other
FW-14395,79.75,23.491300000000003,3,2017-01-02,99.98509921331167,363,1,1,1,Other
JC-15340,71.263,-0.35560000000000036,4,2017-09-07,99.98820138000642,115,2,1,1,Other
AS-10135,58.82,21.8496,2,2017-11-19,99.99076188749258,42,3,1,1,Recently active
LB-16735,50.188,18.6507,3,2017-11-12,99.99294663332249,49,3,1,1,Recently active
RE-19405,48.36,6.045,1,2014-12-29,99.99505180404724,1098,1,1,1,Other
SG-20890,47.946,-3.7073,3,2017-05-18,99.997138952839,227,1,1,1,Other
RS-19870,22.328,9.5838,2,2017-12-11,99.9981109183465,20,4,1,1,Recently active
MG-18205,16.739,-1.2453,1,2017-04-10,99.99883958775845,265,1,1,1,Other
CJ-11875,16.52,1.652,1,2016-12-30,99.99955872382903,366,1,1,1,Other
LD-16855,5.304,0.4641,1,2016-06-26,99.99978961352141,553,1,1,1,Other
TS-21085,4.833,-3.3156,2,2017-01-07,100.00000000000017,358,1,1,1,Other
