,Row ID,Sub-Category,Sales,Profit,Discount,Assumed_List_Sales,Scenario_Sales,Mechanical_Uplift,Scenario_Profit
3,4,Tables,957.5775,-383.031,0.45,1741.0499999999997,1392.84,435.26249999999993,52.231499999999926
27,28,Bookcases,3083.43,-1665.0522,0.5,6166.86,4933.488,1850.0580000000004,185.00580000000036
38,39,Bookcases,532.3992,-46.9764,0.32,782.94,626.3520000000001,93.95280000000014,46.97640000000014
125,126,Tables,617.7,-407.682,0.5,1235.4,988.3200000000002,370.6200000000001,-37.0619999999999
201,202,Tables,218.75,-161.875,0.5,437.5,350.0,131.25,-30.625
213,214,Bookcases,452.45,-244.323,0.5,904.9,723.9200000000001,271.4700000000001,27.147000000000077
231,232,Tables,233.86,-102.048,0.45,425.2,340.16,106.30000000000001,4.2520000000000095
232,233,Tables,620.6145,-248.2458,0.45,1128.3899999999999,902.712,282.09749999999997,33.851699999999965
241,242,Tables,177.225,-120.513,0.5,354.45,283.56,106.33500000000001,-14.177999999999997
292,293,Bookcases,86.97,-48.7032,0.5,173.94,139.15200000000002,52.182000000000016,3.478800000000014
303,304,Tables,219.075,-131.445,0.5,438.15,350.52,131.445,0.0
377,378,Tables,1488.424,-297.6848,0.3,2126.32,1701.0560000000003,212.6320000000003,-85.0527999999997
384,385,Tables,375.4575,-157.0095,0.45,682.6499999999999,546.1199999999999,170.6624999999999,13.652999999999906
399,400,Bookcases,2396.2656,-317.1528,0.32,3523.9200000000005,2819.1360000000004,422.87040000000025,105.71760000000023
453,454,Tables,284.364,-75.8304,0.4,473.94,379.15200000000004,94.78800000000007,18.95760000000007
463,464,Tables,1272.63,-814.4832,0.5,2545.26,2036.2080000000003,763.5780000000002,-50.90519999999981
468,469,Bookcases,205.3328,-36.2352,0.32,301.96000000000004,241.56800000000004,36.23520000000005,4.973799150320701e-14
494,495,Tables,189.882,-94.941,0.4,316.47,253.17600000000004,63.29400000000004,-31.646999999999963
661,662,Tables,918.785,-118.1295,0.3,1312.55,1050.04,131.255,13.125500000000002
670,671,Tables,108.925,-71.8905,0.5,217.85,174.28,65.355,-6.535499999999999
728,729,Tables,400.032,-153.3456,0.4,666.72,533.3760000000001,133.3440000000001,-20.001599999999883
755,756,Tables,383.438,-167.3184,0.45,697.16,557.728,174.28999999999996,6.971599999999967
783,784,Bookcases,35.49,-15.6156,0.5,70.98,56.784000000000006,21.294000000000004,5.6784000000000034
915,916,Tables,99.918,-18.5562,0.3,142.74,114.19200000000001,14.274000000000001,-4.2822
946,947,Tables,393.165,-204.4458,0.5,786.33,629.0640000000001,235.89900000000006,31.453200000000066
949,950,Tables,2065.32,-619.596,0.4,3442.2000000000003,2753.76,688.44,68.84400000000005
954,955,Bookcases,78.8528,-11.596,0.32,115.96000000000001,92.76800000000001,13.915200000000013,2.319200000000013
1002,1003,Tables,1090.782,-290.8752,0.4,1817.97,1454.3760000000002,363.5940000000003,72.71880000000027
1082,1083,Tables,836.592,-264.9208,0.4,1394.32,1115.456,278.8639999999999,13.943199999999933
1369,1370,Bookcases,590.058,-786.744,0.7,1966.8599999999997,1573.4879999999998,983.4299999999998,196.6859999999998
1394,1395,Tables,652.45,-430.617,0.5,1304.9,1043.92,391.47,-39.14699999999999
1395,1396,Tables,66.645,-42.6528,0.5,133.29,106.632,39.98700000000001,-2.66579999999999
1402,1403,Tables,205.176,-58.1332,0.4,341.96,273.568,68.392,10.258799999999994
1405,1406,Tables,154.764,-36.1116,0.4,257.94000000000005,206.35200000000006,51.58800000000005,15.476400000000048
1409,1410,Tables,393.165,-204.4458,0.5,786.33,629.0640000000001,235.89900000000006,31.453200000000066
1461,1462,Tables,244.006,-31.3722,0.3,348.58000000000004,278.86400000000003,34.85800000000003,3.485800000000033
1562,1563,Tables,1044.63,-295.9785,0.4,1741.0500000000002,1392.8400000000001,348.21000000000004,52.23150000000004
1580,1581,Tables,382.806,-153.1224,0.4,638.01,510.408,127.60200000000003,-25.520399999999967
1594,1595,Bookcases,359.058,-35.9058,0.3,512.94,410.3520000000001,51.294000000000096,15.388200000000097
1669,1670,Tables,1018.104,-373.3048,0.4,1696.8400000000001,1357.4720000000002,339.36800000000017,-33.936799999999835
1689,1690,Tables,853.092,-227.4912,0.4,1421.82,1137.456,284.3639999999999,56.87279999999993
1713,1714,Tables,765.625,-566.5625,0.5,1531.25,1225.0,459.375,-107.1875
1723,1724,Bookcases,359.058,-71.8116,0.3,512.94,410.3520000000001,51.294000000000096,-20.517599999999902
1727,1728,Tables,1048.35,-69.89,0.4,1747.25,1397.8000000000002,349.4500000000003,279.5600000000003
1750,1751,Tables,206.962,-32.5226,0.3,295.66,236.52800000000002,29.56600000000003,-2.956599999999966
1863,1864,Tables,727.45,-465.568,0.5,1454.9,1163.92,436.47,-29.097999999999956
1889,1890,Tables,409.59,-122.877,0.4,682.65,546.12,136.53000000000003,13.653000000000034
1899,1900,Tables,174.0585,-110.7645,0.45,316.46999999999997,253.176,79.11749999999998,-31.64700000000002
1948,1949,Tables,254.526,-93.3262,0.4,424.21000000000004,339.36800000000005,84.84200000000004,-8.484199999999959
2007,2008,Bookcases,183.372,-36.6744,0.3,261.96000000000004,209.56800000000004,26.196000000000026,-10.478399999999972
2091,2092,Tables,310.443,-48.7839,0.3,443.49,354.79200000000003,44.349000000000046,-4.434899999999956
2116,2117,Tables,209.67,-13.978,0.4,349.45,279.56,69.89000000000001,55.91200000000001
2141,2142,Tables,991.764,-347.1174,0.4,1652.94,1322.352,330.5880000000001,-16.529399999999896
2225,2226,Bookcases,72.294,-98.8018,0.7,240.97999999999996,192.784,120.49,21.688199999999995
2228,2229,Tables,330.588,-115.7058,0.4,550.98,440.78400000000005,110.19600000000003,-5.50979999999997
2305,2306,Bookcases,141.372,-14.1372,0.3,201.96000000000004,161.56800000000004,20.196000000000026,6.058800000000026
2347,2348,Tables,557.585,0.0,0.3,796.5500000000001,637.2400000000001,79.65500000000009,79.65500000000009
2357,2358,Tables,1579.746,-447.5947,0.4,2632.9100000000003,2106.3280000000004,526.5820000000003,78.98730000000035
2358,2359,Tables,1071.576,-553.6476,0.4,1785.96,1428.768,357.192,-196.4556
2359,2360,Tables,613.908,-122.7816,0.4,1023.1800000000001,818.5440000000001,204.63600000000008,81.85440000000008
2403,2404,Bookcases,956.6648,-225.0976,0.32,1406.8600000000001,1125.488,168.82320000000004,-56.27439999999996
2425,2426,Tables,273.06,-104.673,0.4,455.1,364.08000000000004,91.02000000000004,-13.652999999999963
2437,2438,Tables,145.98,-99.2664,0.5,291.96,233.56799999999998,87.588,-11.67840000000001
2441,2442,Tables,174.286,-19.9184,0.3,248.98000000000002,199.18400000000003,24.898000000000025,4.979600000000026
2493,2494,Tables,300.93,-34.392,0.3,429.90000000000003,343.9200000000001,42.990000000000066,8.598000000000063
2591,2592,Tables,601.47,-300.735,0.5,1202.94,962.3520000000001,360.88200000000006,60.14700000000005
2609,2610,Tables,1218.735,-121.8735,0.3,1741.05,1392.8400000000001,174.10500000000025,52.23150000000024
2664,2665,Tables,370.62,-142.071,0.4,617.7,494.1600000000001,123.54000000000008,-18.53099999999992
2726,2727,Tables,350.352,-140.1408,0.4,583.92,467.13599999999997,116.78399999999999,-23.35680000000002
2746,2747,Tables,700.056,-130.0104,0.3,1000.0800000000002,800.0640000000002,100.00800000000015,-30.002399999999852
2825,2826,Bookcases,300.5328,-97.2312,0.32,441.96000000000004,353.56800000000004,53.03520000000003,-44.19599999999997
2974,2975,Tables,244.006,-31.3722,0.3,348.58000000000004,278.86400000000003,34.85800000000003,3.485800000000033
2984,2985,Tables,275.49,-170.8038,0.5,550.98,440.78400000000005,165.29400000000004,-5.509799999999956
3015,3016,Tables,344.22,-103.266,0.4,573.7,458.96000000000004,114.74000000000001,11.474000000000004
3023,3024,Bookcases,327.7328,-14.4588,0.32,481.96000000000004,385.56800000000004,57.83520000000004,43.37640000000005
3098,3099,Bookcases,220.2656,-42.1096,0.32,323.92,259.136,38.87040000000002,-3.2391999999999825
3156,3157,Tables,284.364,-75.8304,0.4,473.94,379.15200000000004,94.78800000000007,18.95760000000007
3175,3176,Bookcases,180.588,-240.784,0.7,601.9599999999999,481.568,300.98,60.196000000000026
3235,3236,Tables,181.797,-15.5826,0.3,259.71000000000004,207.76800000000003,25.971000000000032,10.388400000000033
3257,3258,Tables,79.974,-29.3238,0.4,133.29000000000002,106.63200000000002,26.658000000000015,-2.665799999999983
3342,3343,Tables,244.615,20.967,0.3,349.45000000000005,279.56000000000006,34.94500000000005,55.91200000000005
3354,3355,Tables,70.56,-4.032,0.3,100.80000000000001,80.64000000000001,10.080000000000013,6.0480000000000125
3389,3390,Tables,154.764,-36.1116,0.4,257.94000000000005,206.35200000000006,51.58800000000005,15.476400000000048
3428,3429,Tables,215.148,-103.9882,0.4,358.58,286.864,71.71599999999998,-32.272200000000026
3438,3439,Tables,251.006,-68.1302,0.3,358.58000000000004,286.86400000000003,35.85800000000003,-32.27219999999997
3507,3508,Bookcases,193.0656,-19.8744,0.32,283.92,227.13600000000002,34.070400000000035,14.196000000000033
3512,3513,Bookcases,825.174,-117.882,0.3,1178.82,943.056,117.88200000000006,5.684341886080802e-14
3519,3520,Tables,796.425,-525.6405,0.5,1592.85,1274.28,477.855,-47.785499999999956
3614,3615,Tables,718.116,-71.8116,0.3,1025.88,820.7040000000002,102.58800000000019,30.776400000000194
3765,3766,Tables,99.372,-1.4196,0.3,141.96,113.56800000000001,14.196000000000012,12.776400000000013
3798,3799,Tables,523.764,-192.0468,0.4,872.94,698.3520000000001,174.58800000000008,-17.45879999999991
3859,3860,Tables,480.96,-269.3376,0.5,961.92,769.5360000000001,288.5760000000001,19.23840000000007
3910,3911,Bookcases,352.45,-211.47,0.5,704.9,563.92,211.46999999999997,-2.842170943040401e-14
3914,3915,Tables,801.6,-448.896,0.5,1603.2,1282.5600000000002,480.96000000000015,32.064000000000135
3928,3929,Bookcases,241.332,-14.196,0.32,354.90000000000003,283.92,42.58800000000002,28.392000000000024
3979,3980,Tables,53.316,-19.5492,0.4,88.86000000000001,71.08800000000001,17.772000000000006,-1.7771999999999935
4002,4003,Tables,637.896,-127.5792,0.3,911.28,729.024,91.12800000000004,-36.45119999999996
4052,4053,Tables,409.272,-81.8544,0.4,682.12,545.696,136.42400000000004,54.56960000000004
4056,4057,Tables,67.176,-20.1528,0.4,111.96000000000001,89.56800000000001,22.39200000000001,2.239200000000011
4071,4072,Bookcases,156.3728,-52.8908,0.32,229.96000000000004,183.96800000000005,27.595200000000034,-25.295599999999965
4108,4109,Tables,27.414,-14.1639,0.4,45.690000000000005,36.55200000000001,9.138000000000005,-5.025899999999995
4209,4210,Tables,385.686,-60.6078,0.3,550.98,440.78400000000005,55.09800000000007,-5.509799999999927
4264,4265,Tables,863.128,-160.2952,0.3,1233.0400000000002,986.4320000000002,123.3040000000002,-36.99119999999979
4266,4267,Bookcases,956.6648,-225.0976,0.32,1406.8600000000001,1125.488,168.82320000000004,-56.27439999999996
4284,4285,Bookcases,246.1328,-76.0116,0.32,361.96000000000004,289.56800000000004,43.43520000000004,-32.576399999999964
4294,4295,Tables,177.225,-120.513,0.5,354.45,283.56,106.33500000000001,-14.177999999999997
4383,4384,Bookcases,384.944,-126.4816,0.3,549.9200000000001,439.9360000000001,54.992000000000075,-71.48959999999992
4385,4386,Bookcases,913.43,-52.196,0.3,1304.9,1043.92,130.49000000000012,78.29400000000012
4473,4474,Tables,344.22,-189.321,0.4,573.7,458.96000000000004,114.74000000000001,-74.58099999999999
4540,4541,Tables,493.92,-28.224,0.3,705.6,564.48,70.56,42.336
4669,4670,Bookcases,623.4648,-119.1918,0.32,916.86,733.488,110.02320000000009,-9.168599999999913
4683,4684,Tables,241.92,-56.448,0.4,403.2,322.56,80.64000000000001,24.192000000000014
4684,4685,Bookcases,163.88,-81.94,0.5,327.76,262.208,98.32800000000003,16.388000000000034
4721,4722,Tables,268.935,-209.7693,0.5,537.87,430.29600000000005,161.36100000000005,-48.40829999999994
4785,4786,Bookcases,69.576,-143.7904,0.7,231.91999999999993,185.53599999999994,115.95999999999995,-27.830400000000054
4790,4791,Tables,364.95,-248.166,0.5,729.9,583.92,218.96999999999997,-29.196000000000026
4926,4927,Tables,91.275,-67.5435,0.5,182.55,146.04000000000002,54.765000000000015,-12.77849999999998
5011,5012,Bookcases,209.979,-356.9643,0.7,699.93,559.944,349.9649999999999,-6.999300000000062
5038,5039,Tables,199.836,-37.1124,0.3,285.48,228.38400000000001,28.548000000000002,-8.5644
5055,5056,Bookcases,1352.3976,-437.5404,0.32,1988.8200000000002,1591.0560000000003,238.65840000000026,-198.88199999999972
5066,5067,Tables,1781.682,-653.2834,0.4,2969.4700000000003,2375.5760000000005,593.8940000000005,-59.38939999999957
5075,5076,Tables,744.1,-95.67,0.3,1063.0,850.4000000000001,106.30000000000007,10.630000000000067
5077,5078,Tables,401.59,-131.951,0.3,573.7,458.96000000000004,57.37000000000006,-74.58099999999993
5094,5095,Tables,214.95,-120.372,0.5,429.9,343.92,128.97000000000003,8.598000000000027
5124,5125,Tables,464.292,-108.3348,0.4,773.8199999999999,619.056,154.76400000000007,46.429200000000066
5175,5176,Bookcases,328.3992,-91.7586,0.32,482.94000000000005,386.3520000000001,57.95280000000008,-33.80579999999992
5262,5263,Tables,200.795,-22.948,0.3,286.85,229.48000000000002,28.68500000000003,5.73700000000003
5287,5288,Bookcases,89.991,-152.9847,0.7,299.96999999999997,239.976,149.985,-2.99969999999999
5293,5294,Tables,51.588,-15.4764,0.4,85.98,68.784,17.196000000000005,1.7196000000000051
5320,5321,Tables,2314.116,-1002.7836,0.4,3856.86,3085.4880000000003,771.3720000000003,-231.41159999999968
5373,5374,Tables,347.361,-69.4722,0.3,496.23,396.98400000000004,49.62300000000005,-19.849199999999954
5465,5466,Bookcases,181.47,-320.597,0.7,604.8999999999999,483.9199999999999,302.44999999999993,-18.147000000000048
5473,5474,Bookcases,102.018,-183.6324,0.7,340.05999999999995,272.04799999999994,170.02999999999994,-13.602400000000046
5542,5543,Tables,455.97,-218.8656,0.5,911.94,729.5520000000001,273.5820000000001,54.71640000000011
5554,5555,Bookcases,67.9932,-12.9987,0.32,99.99000000000001,79.99200000000002,11.998800000000017,-0.9998999999999825
5629,5630,Tables,815.292,-339.705,0.4,1358.8200000000002,1087.0560000000003,271.76400000000024,-67.94099999999975
5658,5659,Tables,377.45,-264.215,0.5,754.9,603.92,226.46999999999997,-37.745000000000005
5703,5704,Tables,136.53,-52.3365,0.4,227.55,182.04000000000002,45.51000000000002,-6.826499999999982
5750,5751,Tables,355.455,-184.8366,0.5,710.91,568.728,213.27299999999997,28.436399999999963
5784,5785,Bookcases,217.764,-384.7164,0.7,725.8799999999999,580.704,362.93999999999994,-21.77640000000008
5805,5806,Bookcases,205.9992,-27.2646,0.32,302.94000000000005,242.35200000000006,36.35280000000006,9.088200000000057
5923,5924,Tables,313.176,-120.0508,0.4,521.96,417.56800000000004,104.39200000000005,-15.658799999999943
5929,5930,Bookcases,87.21,-45.3492,0.5,174.42,139.536,52.32600000000001,6.976800000000004
5955,5956,Bookcases,521.96,-250.5408,0.5,1043.92,835.1360000000001,313.17600000000004,62.635200000000054
5997,5998,Tables,328.59,-147.8655,0.4,547.65,438.12,109.53000000000003,-38.33549999999997
6104,6105,Tables,314.532,-83.8752,0.4,524.22,419.37600000000003,104.84400000000005,20.968800000000044
6121,6122,Bookcases,72.588,-128.2388,0.7,241.95999999999995,193.56799999999998,120.97999999999999,-7.258800000000008
6225,6226,Bookcases,66.294,-103.8606,0.7,220.97999999999996,176.784,110.49,6.62939999999999
6285,6286,Tables,661.176,-231.4116,0.4,1101.96,881.5680000000001,220.39200000000005,-11.01959999999994
6381,6382,Bookcases,299.975,-167.986,0.5,599.95,479.96000000000004,179.985,11.999000000000024
6430,6431,Tables,945.036,-299.2614,0.4,1575.06,1260.048,315.01200000000006,15.750600000000077
6438,6439,Tables,974.988,-97.4988,0.3,1392.8400000000001,1114.2720000000002,139.2840000000001,41.7852000000001
6474,6475,Bookcases,61.96,-53.2856,0.5,123.92,99.13600000000001,37.17600000000001,-16.109599999999993
6483,6484,Tables,384.768,-115.4304,0.4,641.28,513.024,128.25600000000003,12.825600000000023
6536,6537,Tables,328.59,-147.8655,0.4,547.65,438.12,109.53000000000003,-38.33549999999997
6563,6564,Tables,194.25,-38.85,0.3,277.5,222.0,27.75,-11.100000000000001
6624,6625,Tables,102.438,-13.1706,0.3,146.34,117.072,14.634,1.4634
6639,6640,Tables,1421.664,-734.5264,0.4,2369.44,1895.5520000000001,473.88800000000015,-260.6383999999998
6646,6647,Tables,564.195,-304.6653,0.5,1128.39,902.7120000000001,338.51700000000005,33.85170000000005
6659,6660,Tables,386.91,-185.7168,0.5,773.82,619.056,232.14600000000002,46.42920000000001
6784,6785,Tables,138.588,-34.647,0.4,230.98,184.784,46.196,11.549
6799,6800,Tables,35.445,-24.1026,0.5,70.89,56.712,21.267000000000003,-2.835599999999996
6950,6951,Tables,79.974,-29.3238,0.4,133.29000000000002,106.63200000000002,26.658000000000015,-2.665799999999983
7080,7081,Tables,472.518,-149.6307,0.4,787.53,630.024,157.50600000000003,7.875300000000038
7145,7146,Tables,154.764,-46.4292,0.4,257.94000000000005,206.35200000000006,51.58800000000005,5.158800000000049
7151,7152,Tables,182.55,-135.087,0.5,365.1,292.08000000000004,109.53000000000003,-25.55699999999996
7201,7202,Tables,331.023,-114.3534,0.45,601.86,481.48800000000006,150.46500000000003,36.11160000000004
7247,7248,Bookcases,302.45,-199.617,0.5,604.9,483.92,181.47000000000003,-18.146999999999963
7298,7299,Tables,292.1,-175.26,0.5,584.2,467.36000000000007,175.26000000000005,5.684341886080802e-14
7300,7301,Bookcases,424.116,-30.294,0.3,605.88,484.704,60.58800000000002,30.294000000000022
7305,7306,Tables,890.841,-152.7156,0.3,1272.63,1018.1040000000002,127.26300000000015,-25.452599999999848
7316,7317,Tables,142.182,-37.9152,0.4,236.97,189.57600000000002,47.394000000000034,9.478800000000035
7344,7345,Tables,721.875,-420.0,0.45,1312.5,1050.0,328.125,-91.875
7359,7360,Tables,523.764,-192.0468,0.4,872.94,698.3520000000001,174.58800000000008,-17.45879999999991
7395,7396,Tables,313.176,-120.0508,0.4,521.96,417.56800000000004,104.39200000000005,-15.658799999999943
7409,7410,Tables,172.11,-94.6605,0.4,286.85,229.48000000000002,57.370000000000005,-37.290499999999994
7488,7489,Tables,1053.164,-105.3164,0.3,1504.52,1203.616,150.452,45.1356
7493,7494,Tables,512.19,-65.853,0.3,731.7000000000002,585.3600000000001,73.17000000000007,7.317000000000078
7540,7541,Bookcases,242.352,-363.528,0.7,807.8399999999999,646.2719999999999,403.91999999999996,40.39199999999994
7554,7555,Bookcases,349.965,-216.9783,0.5,699.93,559.944,209.97899999999998,-6.999300000000005
7562,7563,Bookcases,198.744,0.0,0.3,283.92,227.13600000000002,28.392000000000024,28.392000000000024
7649,7650,Tables,1548.99,-464.697,0.4,2581.65,2065.32,516.3300000000002,51.63300000000015
7674,7675,Tables,446.068,0.0,0.3,637.24,509.79200000000003,63.724000000000046,63.724000000000046
7701,7702,Tables,526.582,-52.6582,0.3,752.26,601.808,75.226,22.5678
7783,7784,Tables,876.3,-292.1,0.4,1460.5,1168.4,292.10000000000014,1.1368683772161603e-13
7812,7813,Tables,550.431,-47.1798,0.3,786.3300000000002,629.0640000000002,78.63300000000015,31.45320000000015
7844,7845,Tables,124.404,-21.3264,0.3,177.72,142.17600000000002,17.77200000000002,-3.55439999999998
7866,7867,Bookcases,127.764,-191.646,0.7,425.87999999999994,340.70399999999995,212.93999999999994,21.293999999999954
7879,7880,Tables,337.176,-118.0116,0.4,561.96,449.56800000000004,112.39200000000005,-5.619599999999949
7929,7930,Tables,298.116,-4.2588,0.3,425.88,340.704,42.58800000000002,38.32920000000002
7967,7968,Bookcases,90.882,-190.8522,0.7,302.94,242.352,151.47,-39.38220000000001
7994,7995,Bookcases,145.764,-247.7988,0.7,485.87999999999994,388.70399999999995,242.93999999999994,-4.858800000000059
8105,8106,Bookcases,89.0664,-17.0274,0.32,130.98000000000002,104.78400000000002,15.717600000000019,-1.3097999999999814
8136,8137,Tables,562.2925,-255.5875,0.45,1022.3499999999999,817.88,255.58749999999998,-2.842170943040401e-14
8156,8157,Tables,239.372,-23.9372,0.3,341.96000000000004,273.56800000000004,34.196000000000026,10.258800000000026
8179,8180,Tables,277.5,-188.7,0.5,555.0,444.0,166.5,-22.19999999999999
8180,8181,Tables,1252.704,-480.2032,0.4,2087.84,1670.2720000000002,417.5680000000002,-62.63519999999977
8206,8207,Tables,191.5155,-76.6062,0.45,348.21,278.568,87.05249999999998,10.44629999999998
8235,8236,Tables,933.262,-458.1468,0.45,1696.8399999999997,1357.4719999999998,424.2099999999998,-33.936800000000176
8267,8268,Tables,69.375,-47.175,0.5,138.75,111.0,41.625,-5.549999999999997
8310,8311,Tables,376.509,-43.0296,0.3,537.87,430.29600000000005,53.787000000000035,10.757400000000032
8353,8354,Tables,373.47,-112.041,0.4,622.45,497.96000000000004,124.49000000000001,12.449000000000012
8362,8363,Tables,913.43,-169.637,0.3,1304.9,1043.92,130.49000000000012,-39.14699999999988
8395,8396,Tables,366.009,-47.0583,0.3,522.87,418.29600000000005,52.287000000000035,5.228700000000032
8410,8411,Tables,630.024,-199.5076,0.4,1050.04,840.032,210.00800000000004,10.500400000000042
8412,8413,Tables,933.408,-173.3472,0.3,1333.44,1066.7520000000002,133.34400000000016,-40.00319999999982
8445,8446,Tables,240.744,-13.7568,0.3,343.92,275.136,34.392000000000024,20.635200000000026
8448,8449,Tables,637.896,-127.5792,0.3,911.28,729.024,91.12800000000004,-36.45119999999996
8629,8630,Tables,481.176,-120.294,0.4,801.96,641.5680000000001,160.3920000000001,40.09800000000011
8631,8632,Bookcases,177.45,-78.078,0.5,354.9,283.92,106.47000000000003,28.392000000000024
8634,8635,Bookcases,130.98,-89.0664,0.5,261.96,209.56799999999998,78.588,-10.478400000000008
8677,8678,Tables,517.405,-81.3065,0.3,739.15,591.32,73.91500000000008,-7.3914999999999225
8698,8699,Tables,120.96,-28.224,0.4,201.6,161.28,40.32000000000001,12.096000000000007
8781,8782,Bookcases,1227.9984,-36.1176,0.32,1805.88,1444.7040000000002,216.70560000000023,180.58800000000022
8866,8867,Bookcases,493.43,-70.49,0.3,704.9000000000001,563.9200000000001,70.49000000000007,7.105427357601002e-14
8893,8894,Tables,489.23,41.934,0.3,698.9000000000001,559.1200000000001,69.8900000000001,111.8240000000001
8926,8927,Tables,626.1,-538.446,0.5,1252.2,1001.7600000000001,375.6600000000001,-162.78599999999994
8928,8929,Tables,609.98,-113.282,0.3,871.4000000000001,697.1200000000001,87.1400000000001,-26.141999999999896
8929,8930,Tables,211.372,-45.294,0.3,301.96000000000004,241.56800000000004,30.196000000000026,-15.09799999999997
8949,8950,Tables,934.956,-249.3216,0.4,1558.26,1246.6080000000002,311.65200000000016,62.33040000000017
8976,8977,Tables,127.785,-31.0335,0.3,182.55,146.04000000000002,18.255000000000024,-12.778499999999976
8984,8985,Tables,145.98,-99.2664,0.5,291.96,233.56799999999998,87.588,-11.67840000000001
8993,8994,Tables,1875.258,-968.8833,0.4,3125.4300000000003,2500.3440000000005,625.0860000000005,-343.7972999999995
9040,9041,Tables,73.915,-45.8273,0.5,147.83,118.26400000000001,44.349000000000004,-1.4782999999999973
9092,9093,Bookcases,482.94,-376.6932,0.5,965.88,772.7040000000001,289.76400000000007,-86.92919999999992
9129,9130,Bookcases,301.47,-241.176,0.5,602.94,482.3520000000001,180.88200000000006,-60.293999999999926
9219,9220,Bookcases,301.47,-204.9996,0.5,602.94,482.3520000000001,180.88200000000006,-24.117599999999925
9287,9288,Tables,457.485,-84.9615,0.3,653.5500000000001,522.84,65.35500000000002,-19.606499999999983
9295,9296,Bookcases,115.96,-64.9376,0.5,231.92,185.536,69.57600000000001,4.638400000000004
9343,9344,Tables,455.97,-106.393,0.4,759.95,607.96,151.99,45.59700000000001
9358,9359,Tables,313.722,-99.3453,0.4,522.87,418.29600000000005,104.57400000000007,5.2287000000000745
9402,9403,Tables,209.148,-66.2302,0.4,348.58,278.864,69.71599999999998,3.4857999999999834
9430,9431,Tables,103.481,-16.2613,0.3,147.83,118.26400000000001,14.783000000000015,-1.478299999999983
9467,9468,Tables,166.5,-66.6,0.4,277.5,222.0,55.5,-11.099999999999994
9484,9485,Bookcases,781.864,-137.976,0.32,1149.8000000000002,919.8400000000001,137.9760000000001,1.1368683772161603e-13
9486,9487,Tables,673.344,-76.9536,0.3,961.9200000000002,769.5360000000002,96.19200000000012,19.238400000000127
9512,9513,Bookcases,204.6664,-6.0196,0.32,300.98,240.78400000000002,36.11760000000001,30.09800000000001
9544,9545,Bookcases,369.1992,-114.0174,0.32,542.94,434.3520000000001,65.15280000000007,-48.864599999999925
9603,9604,Tables,376.866,-213.5574,0.4,628.11,502.48800000000006,125.62200000000007,-87.93539999999993
9624,9625,Tables,307.314,-39.5118,0.3,439.02000000000004,351.21600000000007,43.902000000000044,4.390200000000043
9625,9626,Bookcases,409.9992,-96.4704,0.32,602.94,482.3520000000001,72.35280000000012,-24.117599999999882
9639,9640,Tables,4297.644,-1862.3124,0.4,7162.740000000001,5730.192000000001,1432.5480000000007,-429.76439999999934
9691,9692,Bookcases,613.9992,-18.0588,0.32,902.94,722.3520000000001,108.35280000000012,90.29400000000011
9787,9788,Bookcases,1023.332,-30.098,0.32,1504.9,1203.92,180.58800000000008,150.49000000000007
9899,9900,Tables,330.588,-143.2548,0.4,550.98,440.78400000000005,110.19600000000003,-33.05879999999996
9962,9963,Bookcases,383.4656,-67.6704,0.32,563.9200000000001,451.1360000000001,67.67040000000009,8.526512829121202e-14
