Sub-Category,Discount,Lines,Sales,Profit,Mean_Line_Profit,Loss_Rate,Margin_pct
Accessories,0.0,471,118370.31,35289.2539,74.92410594479831,0.0,29.812588900037518
Accessories,0.2,304,49010.008,6647.3818,21.866387500000002,0.2993421052631579,13.563315068220353
Appliances,0.0,271,78066.19,23183.7361,85.54884169741696,0.0,29.697537563956942
Appliances,0.1,16,4324.149,1086.0808,67.88005,0.0,25.116636822644175
Appliances,0.2,112,21759.288,2497.8297,22.302050892857142,0.0,11.479372394905567
Appliances,0.8,67,3382.534,-8629.6412,-128.80061492537314,1.0,-255.12356121180156
Art,0.0,498,18014.64,5380.6006,10.804418875502007,0.0,29.867932970073227
Art,0.2,298,9104.152,1147.1864,3.849618791946309,0.0,12.600694715993319
Binders,0.0,337,81829.48,39314.4507,116.66009109792286,0.0,48.0443609075849
Binders,0.2,573,85442.64,29417.809,51.339980802792326,0.0,34.42989238160244
Binders,0.7,380,22559.391,-16601.0984,-43.687101052631576,1.0,-73.58841557380693
Binders,0.8,233,13581.222,-21909.398,-94.03175107296138,1.0,-161.32125665864237
Bookcases,0.0,60,31935.98,6075.7117,101.26186166666666,0.0,19.024660273459588
Bookcases,0.15,52,27558.5215,1418.9915,27.288298076923077,0.3269230769230769,5.14901171312837
Bookcases,0.2,46,26841.496,130.50220000000004,2.837004347826088,0.5,0.4861957023557854
Bookcases,0.3,10,4282.698,-555.8726,-55.58726,0.9,-12.979495635695068
Bookcases,0.32,27,14493.4588,-2391.1376999999998,-88.56065555555554,1.0,-16.498047381208963
Bookcases,0.5,18,7308.46,-4255.8117,-236.43398333333334,1.0,-58.231305911231644
Bookcases,0.7,15,2459.382,-3894.9394,-259.66262666666665,1.0,-158.37065571757458
Chairs,0.0,133,91060.73,21933.0961,164.9104969924812,0.0,24.086229157178952
Chairs,0.1,76,46634.247,7111.0119,93.56594605263159,0.05263157894736842,15.2484758679603
Chairs,0.2,250,120748.624,4283.175,17.1327,0.332,3.547183278875294
Chairs,0.3,158,70005.502,-6737.1167,-42.63997911392405,0.9367088607594937,-9.623696006065352
Copiers,0.0,22,76449.18,35556.134900000005,1616.1879500000002,0.0,46.5095046146996
Copiers,0.2,37,56159.048,17878.7148,483.20850810810816,0.0,31.835858043747468
Copiers,0.4,9,16919.802,2182.9752,242.5528,0.0,12.901895660481133
Envelopes,0.0,152,10606.45,4976.9844,32.743318421052635,0.0,46.924130128365285
Envelopes,0.2,102,5869.952,1987.1923,19.48227745098039,0.0,33.853637985455414
Fasteners,0.0,128,1822.84,652.2052,5.095353125,0.0,35.77961861710298
Fasteners,0.2,89,1201.44,297.313,3.3405955056179772,0.1348314606741573,24.746387668131575
Furnishings,0.0,571,61449.8,16847.9689,29.50607513134851,0.0,27.417451155251925
Furnishings,0.2,248,23610.664,2155.8299,8.6928625,0.11693548387096774,9.130746598232054
Furnishings,0.6,138,6644.7,-5944.6552,-43.0772115942029,1.0,-89.46461390280976
Labels,0.0,239,9239.56,4422.0960000000005,18.502493723849373,0.0,47.860460887747905
Labels,0.2,125,3246.752,1124.158,8.993264,0.0,34.6240796956466
Machines,0.0,29,71034.0,27137.8223,935.786975862069,0.0,38.2039900610975
Machines,0.1,2,3410.955,832.0843,416.04215,0.0,24.39446723864724
Machines,0.2,31,37954.568,4970.2024,160.32910967741935,0.0,13.09513626923642
Machines,0.3,5,3756.3050000000003,326.0395,65.2079,0.2,8.679793041299893
Machines,0.4,13,19546.224000000002,-2666.8433999999997,-205.1418,0.6153846153846154,-13.64377794913227
Machines,0.5,12,37935.07,-7635.2291000000005,-636.2690916666667,1.0,-20.127099014183973
Machines,0.7,23,15601.509,-19579.3191,-851.2747434782609,1.0,-125.49631641400842
Paper,0.0,857,53157.87,25329.4677,29.555971645274212,0.0,47.64951586660639
Paper,0.2,513,25321.336,8724.1016,17.006046003898636,0.0,34.45355963840139
Phones,0.0,311,123879.71,34365.2093,110.4990652733119,0.0,27.74078927049474
Phones,0.2,469,171789.992,16536.3067,35.25864968017058,0.08315565031982942,9.625884783788804
Phones,0.4,109,34337.352,-6385.7854,-58.585187155963304,0.8899082568807339,-18.59719817649305
Storage,0.0,530,157853.76,25528.1715,48.16636132075472,0.0,16.17203891753988
Storage,0.2,316,65989.848,-4249.3451,-13.447294620253164,0.509493670886076,-6.439392162261079
Supplies,0.0,117,31559.21,1718.3942,14.687129914529914,0.0,5.4449848396078355
Supplies,0.2,73,15114.328,-2907.4937,-39.82868082191781,0.4520547945205479,-19.236671984358154
Tables,0.0,72,71578.76,13276.2997,184.3930513888889,0.0,18.547820191352855
Tables,0.2,71,45430.231999999996,-303.558,-4.275464788732394,0.43661971830985913,-0.6681850094888355
Tables,0.3,54,25182.15,-3402.3276,-63.00606666666667,0.9259259259259259,-13.510870199724804
Tables,0.4,75,45614.406,-16187.3968,-215.83195733333335,1.0,-35.4874659553826
Tables,0.45,11,5484.974,-2493.1111,-226.64646363636365,1.0,-45.45347161171593
Tables,0.5,36,13675.01,-8615.3873,-239.31631388888889,1.0,-63.00095795176749
