Month,Sales,Prior_Year_Sales,YoY_pct
2014-01,14236.895,,
2014-02,4519.892,,
2014-03,55691.009,,
2014-04,28295.345,,
2014-05,23648.287,,
2014-06,34595.1276,,
2014-07,33946.393,,
2014-08,27909.4685,,
2014-09,81777.3508,,
2014-10,31453.393,,
2014-11,78628.7167,,
2014-12,69545.6205,,
2015-01,18174.0756,14236.895,27.654770229042214
2015-02,11951.411,4519.892,164.41806574139383
2015-03,38726.252,55691.009,-30.4622906006246
2015-04,34195.2085,28295.345,20.851003937220057
2015-05,30131.6865,23648.287,27.415937145891366
2015-06,24797.292,34595.1276,-28.321432177634165
2015-07,28765.325,33946.393,-15.262499317674184
2015-08,36898.3322,27909.4685,32.20721920949514
2015-09,64595.918,81777.3508,-21.01001393652385
2015-10,31404.9235,31453.393,-0.15409943213439137
2015-11,75972.5635,78628.7167,-3.3780955756079423
2015-12,74919.5212,69545.6205,7.727159038001541
2016-01,18542.491,18174.0756,2.027147944735086
2016-02,22978.815000000002,11951.411,92.26863673251637
2016-03,51715.875,38726.252,33.542164111311365
2016-04,38750.039,34195.2085,13.320084011185362
2016-05,56987.728,30131.6865,89.12890255910501
2016-06,40344.534,24797.292,62.69733808030327
2016-07,39261.963,28765.325,36.49059414416491
2016-08,31115.3743,36898.3322,-15.672680999928767
2016-09,73410.0249,64595.918,13.644990539495083
2016-10,59687.745,31404.9235,90.05855881164622
2016-11,79411.9658,75972.5635,4.527163677976986
2016-12,96999.043,74919.5212,29.470986261455188
2017-01,43971.374,18542.491,137.1384405687456
2017-02,20301.1334,22978.815000000002,-11.652827180165747
2017-03,58872.3528,51715.875,13.838067711316882
2017-04,36521.5361,38750.039,-5.750969437733988
2017-05,44261.1102,56987.728,-22.33220773426868
2017-06,52981.7257,40344.534,31.323181722708714
2017-07,45264.416,39261.963,15.288214193467597
2017-08,63120.888,31115.3743,102.8607703427177
2017-09,87866.652,73410.0249,19.69298759902749
2017-10,77776.9232,59687.745,30.30635216659634
2017-11,118447.825,79411.9658,49.15614266282273
2017-12,83829.3188,96999.043,-13.577169209803452
