Category,Product ID,Product Name,Sales,Profit,Revenue_Rank
Furniture,FUR-CH-10002024,HON 5400 Series Task Chairs for Big and Tall,21870.576,8.526512829121202e-14,1
Furniture,FUR-BO-10004834,"Riverside Palais Royal Lawyers Bookcase, Royale Cherry Finish",15610.9656,-669.5448000000001,2
Furniture,FUR-TA-10003473,Bretford Rectangular Conference Table Tops,12995.2915,-327.2331,3
Furniture,FUR-CH-10001215,Global Troy Executive Leather Low-Back Tilter,12975.382,951.8620000000001,4
Furniture,FUR-CH-10004287,SAFCO Arco Folding Chair,11572.78,1179.374,5
Office Supplies,OFF-BI-10003527,Fellowes PB500 Electric Punch Plastic Comb Binding Machine with Manual Bind,27453.384000000002,7753.039,1
Office Supplies,OFF-BI-10001359,GBC DocuBind TL300 Electric Binding System,19823.479,2233.5051000000003,2
Office Supplies,OFF-BI-10000545,GBC Ibimaster 500 Manual ProClick Binding System,19024.5,760.9799999999998,3
Office Supplies,OFF-BI-10004995,GBC DocuBind P400 Electric Binding System,17965.068,-1878.1662000000003,4
Office Supplies,OFF-SU-10000151,High Speed Automatic Electric Letter Opener,17030.311999999998,-262.00480000000005,5
Technology,TEC-CO-10004722,Canon imageCLASS 2200 Advanced Copier,61599.824,25199.928,1
Technology,TEC-MA-10002412,Cisco TelePresence System EX90 Videoconferencing Unit,22638.48,-1811.0784,2
Technology,TEC-CO-10001449,Hewlett Packard LaserJet 3310 Copier,18839.686,6983.8836,3
Technology,TEC-MA-10001127,"HP Designjet T520 Inkjet Large Format Printer - 24"" Color",18374.895,4094.9766,4
Technology,TEC-MA-10000822,Lexmark MX611dhe Monochrome Laser Printer,16829.901,-4589.973,5
