State,Sales,Profit,Units,Orders,Lines,Margin_pct
Texas,170188.0458,-25729.3563,3724,487,985,-15.118192455324614
Ohio,78258.136,-16971.3766,1759,236,469,-21.68640535982099
Pennsylvania,116511.914,-15559.9603,2153,288,587,-13.354823353086449
Illinois,80166.101,-12607.887,1845,276,492,-15.727204944144658
North Carolina,55603.164,-7490.9122,983,136,249,-13.472097019514933
Colorado,32108.118,-6527.8579,693,79,182,-20.330864300423965
Tennessee,30661.873,-5341.6936,681,91,183,-17.42128929958062
Arizona,35282.001,-3427.9246,862,108,224,-9.715788512108483
Florida,89473.708,-3399.3017000000004,1379,200,383,-3.79921853691366
Oregon,17431.15,-1190.4705,499,56,124,-6.8295580039182715
Wyoming,1603.136,100.196,4,1,1,6.25
West Virginia,1209.824,185.9216,18,2,4,15.367656783135397
North Dakota,919.91,230.1497,30,2,7,25.018719222532642
South Dakota,1315.56,394.8283,42,5,12,30.01218492505093
Maine,1270.53,454.4862,35,3,8,35.771386744114665
Idaho,4382.486,826.7231,64,11,21,18.864249651909898
Kansas,2914.31,836.4435,74,14,24,28.701253469946572
District of Columbia,2865.02,1059.5892999999999,40,4,10,36.9836615451201
New Mexico,4783.522,1157.1161,151,22,37,24.18962638825535
Iowa,4579.76,1183.8119,112,17,30,25.848775918388732
New Hampshire,7292.524,1706.5028,127,17,27,23.40071558214961
South Carolina,8481.71,1769.0566,172,20,42,20.857310613072126
Montana,5589.352,1833.3285,56,8,15,32.8003765016052
Nebraska,7464.93,2037.0942000000002,136,23,38,27.288858703296615
Louisiana,9217.03,2196.1023,156,21,42,23.82657211704855
Vermont,8929.369999999999,2244.9782999999998,50,6,11,25.141508303497336
Utah,11220.056,2546.5335,219,26,53,22.696263726312953
Mississippi,10771.34,3172.9762,221,26,53,29.457580950930897
Nevada,16729.102,3316.7659,168,23,39,19.82632361258841
Connecticut,13384.357,3511.4918,281,45,82,26.23579003459038
Arkansas,11678.13,4008.6871,240,27,60,34.32644695683299
Oklahoma,19683.39,4853.956,247,34,66,24.66016270571279
Alabama,19510.64,5786.8253,256,34,61,29.6598435520311
Missouri,22205.15,6436.2105,252,30,66,28.985215141532482
Massachusetts,28634.434,6785.5016000000005,491,62,135,23.69699921430261
Maryland,23705.523,7031.1788,420,46,105,29.66050907208417
Rhode Island,22627.956,7285.6293000000005,199,25,56,32.197469802398416
Wisconsin,32114.61,8401.8004,463,53,110,26.16192567806366
New Jersey,35764.312,9772.9138,454,61,130,27.325882292940516
Delaware,27451.069,9977.3748,367,44,96,36.346033737338246
Minnesota,29863.15,10823.1874,331,44,89,36.24261807612392
Kentucky,36591.75,11199.6966,523,61,139,30.607163090040785
Georgia,49095.84,16250.0433,705,91,184,33.09861548351143
Indiana,53555.36,18382.9363,578,73,149,34.325110129032836
Virginia,70636.72,18597.9504,893,115,224,26.329011879373788
Michigan,76269.614,24463.1876,946,117,255,32.07461834014264
Washington,138641.27,33402.6517,1883,256,506,24.092863329944976
New York,310876.271,74038.5486,4224,562,1128,23.816082315269405
California,457687.6315,76381.38709999999,7667,1021,2001,16.68854079575449
