Order Date,Sales,Profit,Sales_YoY_pct
2014-01-01,14236.895,2450.1907,
2014-02-01,4519.892,862.3084,
2014-03-01,55691.009,498.7298999999999,
2014-04-01,28295.345,3488.8352,
2014-05-01,23648.287,2738.7096,
2014-06-01,34595.1276,4976.5244,
2014-07-01,33946.393,-841.4826,
2014-08-01,27909.4685,5318.105,
2014-09-01,81777.3508,8328.0994,
2014-10-01,31453.393,3448.2573,
2014-11-01,78628.7167,9292.1269,
2014-12-01,69545.6205,8983.5699,
2015-01-01,18174.0756,-3281.007,27.654770229042214
2015-02-01,11951.411,2813.8508,164.41806574139383
2015-03-01,38726.252,9732.097800000001,-30.4622906006246
2015-04-01,34195.2085,4187.4962,20.851003937220057
2015-05-01,30131.6865,4667.869,27.415937145891366
2015-06-01,24797.292,3335.5572,-28.321432177634165
2015-07-01,28765.325,3288.6483,-15.262499317674184
2015-08-01,36898.3322,5355.8084,32.20721920949514
2015-09-01,64595.918,8209.162699999999,-21.01001393652385
2015-10-01,31404.9235,2817.366,-0.15409943213439137
2015-11-01,75972.5635,12474.7884,-3.3780955756079423
2015-12-01,74919.5212,8016.965899999999,7.727159038001541
2016-01-01,18542.490999999998,2824.8233,2.0271479447350638
2016-02-01,22978.815000000002,5004.5795,92.26863673251637
2016-03-01,51715.875,3611.968,33.542164111311365
2016-04-01,38750.039,2977.8149,13.320084011185362
2016-05-01,56987.728,8662.1464,89.12890255910501
2016-06-01,40344.534,4750.3781,62.69733808030327
2016-07-01,39261.963,4432.8778999999995,36.49059414416491
2016-08-01,31115.3743,2062.0693,-15.672680999928767
2016-09-01,73410.0249,9328.6576,13.644990539495083
2016-10-01,59687.745,16243.1425,90.05855881164622
2016-11-01,79411.9658,4011.4075000000003,4.527163677976986
2016-12-01,96999.043,17885.3093,29.470986261455188
2017-01-01,43971.374,7140.4391,137.13844056874564
2017-02-01,20301.1334,1613.872,-11.652827180165747
2017-03-01,58872.3528,14751.8915,13.838067711316882
2017-04-01,36521.5361,933.2900000000001,-5.750969437733988
2017-05-01,44261.1102,6342.5828,-22.33220773426868
2017-06-01,52981.7257,8223.3357,31.323181722708714
2017-07-01,45264.416,6952.6212,15.288214193467597
2017-08-01,63120.888,9040.9557,102.8607703427177
2017-09-01,87866.652,10991.5556,19.69298759902749
2017-10-01,77776.9232,9275.2755,30.30635216659634
2017-11-01,118447.825,9690.1037,49.15614266282273
2017-12-01,83829.3188,8483.346800000001,-13.577169209803452
